里程,替代航线平均价格,替代航线平均运量,替代航线平均里程,价格,运量
487,1367.800049,87,499.0,872.7999880000001,23
3428,1849.8999019999999,524,3574.0,2051.5,28
1741,1255.1000980000001,427,1808.6666260000002,1317.900024,30
651,808.200012,28,660.0,459.0,123
1099,1302.0,678,1163.0,1468.5,17
1671,1906.199951,753,1689.0,1480.199951,19
1326,1287.1599609999998,1565,1420.199951,1010.0,320
1022,1072.550049,689,1088.5,1099.900024,23
620,732.099976,161,809.0,736.900024,75
2228,1647.924927,207,2327.5,1305.199951,16
920,1064.200033,653,983.6666869999999,1019.7000119999999,44
582,954.2999880000001,72,742.0,585.5,60
1987,1981.25,834,2060.5,1809.199951,74
853,1276.949951,127,892.5,1027.5,56
761,1035.5,97,929.0,714.0,27
1024,1346.849976,225,1094.0,1152.599976,101
1326,1337.375,554,1406.0,1085.199951,56
550,1239.3999019999999,43,739.0,773.5,23
1479,1441.674927,1300,1544.0,999.599976,226
1987,2001.075073,753,2060.5,1878.0,76
1716,1609.506552,248,1781.8063960000002,1371.0,3011
581,1040.400024,239,683.0,649.599976,279
744,1238.099976,134,821.0,853.900024,1608
348,1182.1000980000001,819,424.0,474.799988,68
473,786.75,246,583.5,606.900024,351
1343,1234.5199220000002,390,1406.900024,1180.199951,2140
1227,1287.780078,225,1324.800049,1052.800049,1436
1388,1605.400036,523,1468.090942,1188.800049,4619
1860,2175.75,1720,1918.5,2514.199951,7
399,1164.75,209,377.5,671.200012,2015
1982,2147.600098,1553,2049.0,2322.100098,27
990,1414.799927,153,1055.0,975.0,396
509,845.56665,488,607.666687,686.400024,873
1211,1476.300049,1360,1389.0,1192.800049,116
1207,1362.800049,841,1396.0,1205.599976,50
473,831.25,638,516.5,609.700012,114
1427,1459.290927,890,1501.3636470000001,1414.800049,1093
2078,1772.347245,533,2142.368408,1425.900024,660
1260,1681.300049,1015,1384.0,1411.0,17
388,1227.166667,83,185.666672,469.799988,2044
825,1082.600016,413,958.3333130000001,857.0,558
1022,1184.2500810000001,446,1099.166626,831.0,2339
1526,1727.0,727,1613.0,1437.199951,13
930,1127.3500980000001,96,603.0,875.7999880000001,1986
1121,1253.199951,3957,1121.0,860.2999880000001,115
827,1045.740039,423,880.400024,948.0,1346
1661,2152.899902,850,1662.0,1775.5,130
2254,2638.271484,800,2325.428467,1637.800049,72
1540,1575.650024,933,1629.125,1280.5,200
1220,1211.599976,1027,1246.0,1349.400024,413
1271,1371.900024,1034,1278.0,1486.800049,137
1266,1461.5,1517,1301.0,1745.5999760000002,86
3092,2251.5,1314,3162.0,2393.699951,61
1143,1362.642857,450,1238.142822,1047.199951,1116
1906,1776.8884420000002,574,1812.2940670000003,1400.199951,2261
1434,1563.849976,642,1468.5,1369.900024,93
1605,1615.3999019999999,566,1670.0,1482.800049,1166
1586,1585.7166339999999,537,1670.0,1326.300049,295
1177,1630.766602,1991,864.3333130000001,1069.900024,58
1082,1393.266602,707,1135.0,1163.5,1604
1911,2037.9000239999998,1394,1925.0,2023.5999760000002,301
2182,2199.549805,1997,2232.5,1704.4000239999998,49
2344,2601.475098,1541,2400.25,2378.800049,324
594,788.299988,22,757.0,552.0,248
1699,1761.233398,674,1801.3333739999998,1613.5,103
1055,1272.333333,749,1132.0,1270.599976,274
1293,1557.599976,149,1405.0,1281.900024,238
1076,1703.566569,1824,940.0,1070.699951,52
1103,1145.43335,424,1120.666626,924.900024,788
833,1024.900024,570,919.0,805.200012,846
1866,1789.0499670000002,575,1957.75,1445.099976,715
773,989.599976,142,766.0,693.5,105
979,1394.382353,427,1000.058838,860.2999880000001,7838
549,1541.25,138,316.5,675.0,1286
847,1123.566623,251,713.555542,869.2999880000001,2639
1674,1653.549927,1050,1783.125,1385.199951,188
2177,2140.5,1246,2181.0,2167.100098,9
2287,1792.1811519999999,668,2350.1875,1493.300049,441
1770,1731.5440629999998,327,1768.4000239999998,1417.900024,3491
2143,2525.466634,1248,2195.333252,2007.5,2
1046,1459.300049,284,1054.0,980.5,168
388,649.5,113,441.0,550.299988,763
2218,2022.0332030000002,509,2283.5,1519.800049,1715
580,931.599976,390,622.0,682.299988,358
1281,1409.3222660000001,710,1324.555542,1079.300049,806
751,1083.8999019999999,1116,786.0,572.299988,435
977,1205.8,204,1107.0,857.0,1391
1244,1779.949951,493,1310.0,1209.800049,106
1132,1318.300049,1351,1210.0,1166.199951,78
1696,2450.350098,1774,1729.5,1627.5,51
387,902.8000490000001,60,473.0,506.0,468
1569,1600.925084,491,1597.535767,1296.599976,1626
1210,1446.400024,705,1209.0,1364.5,1047
608,852.0,124,743.0,488.299988,44
665,915.599976,292,751.0,782.700012,309
1120,1387.599976,148,1319.0,877.2000119999999,120
1003,1519.449951,742,1042.5,1068.099976,256
449,1072.900024,564,445.0,654.400024,1237
1393,1574.200073,719,1412.0,1477.5,4
1959,2340.949951,1683,2087.5,1964.300049,85
1802,1495.666667,483,1820.0,1517.400024,351
1305,1556.599976,613,1305.0,1425.5,14
1741,1398.900065,442,1808.6666260000002,1540.800049,48
1716,1637.983997,254,1781.8063960000002,1373.900024,3476
1305,1644.1000980000001,742,1305.0,1363.300049,14
1162,1251.949951,220,1279.5,809.5,614
2296,1975.52478,677,2371.625,1660.0,346
875,1207.025024,244,958.75,801.400024,1464
1112,1379.099976,295,1170.5,857.5,2332
1041,1142.599976,362,1201.0,892.2999880000001,142
1690,1324.0,317,1725.0,1284.900024,22
1310,1793.6000980000001,745,1371.0,1544.800049,19
1731,1643.116536,527,1796.111084,1367.400024,331
1208,1773.300049,664,1207.0,1412.0,26
2525,2267.3601559999997,892,2600.600098,1844.199951,14
1742,1521.442801,297,1793.0,1700.0,24
644,1100.699951,87,745.0,710.900024,43
1418,1269.099976,659,1419.0,1312.900024,18
1770,1568.727273,283,1837.636353,1318.0,244
941,1017.3000490000001,167,1000.0,751.700012,630
950,1372.325073,425,1077.5,635.0,2230
1085,1206.0,272,1204.0,900.7999880000001,102
2507,2011.771577,621,2573.5239260000003,1778.9000239999998,427
1041,1494.5665689999998,917,1162.666626,1357.099976,16
1650,1639.866536,433,1744.1666260000002,1267.199951,258
2765,2458.380078,938,2821.399902,2617.100098,14
1258,2094.449951,583,720.5,1098.5,26
1888,1773.1666670000002,1176,2014.0,1433.699951,30
1271,1549.5,1142,1312.0,1365.699951,51
599,1034.400024,44,623.0,582.5,667
977,1255.160059,300,1040.800049,941.900024,1168
692,1075.099976,142,773.5,653.5,1081
2741,2286.8,1173,2044.199951,1890.9000239999998,3
1524,1577.483236,698,1629.333374,1436.199951,275
1256,1527.6000980000001,1107,1260.0,1576.300049,224
1366,1551.400024,1084,1365.0,1417.699951,111
2084,2293.350098,955,2169.5,2302.0,31
1255,1292.6499019999999,149,1294.0,1024.5,36
913,1092.199951,559,961.0,1042.599976,153
2532,2312.524902,638,2544.0,2371.300049,14
1121,1268.800049,553,1213.0,1005.400024,34
2607,2431.100098,1413,2625.333252,2326.399902,14
996,1209.933268,366,1095.333374,687.799988,736
1008,1262.866699,261,1117.333374,695.799988,1378
455,1000.2999880000001,89,628.0,627.799988,525
1122,1257.050049,344,1270.0,974.7999880000001,19
1089,1325.559896,397,1170.533325,915.099976,3803
2049,1813.6554899999999,489,2104.111084,1412.699951,651
1184,1298.900024,152,1251.25,824.799988,1266
1493,1688.699951,324,1626.0,879.5,207
1431,1509.540039,760,1515.099976,1181.800049,767
1389,1373.6800779999999,279,1445.800049,1080.699951,668
1634,1416.128488,288,1693.714233,970.5,742
1681,1097.199951,130,1787.0,1274.699951,92
796,1120.900024,331,993.5,830.700012,32
1462,1356.022244,284,1538.222168,785.400024,539
2991,2097.074951,662,3062.75,1816.5999760000002,302
1622,1751.8499760000002,1224,1768.0,1559.400024,23
1732,1383.599976,667,1741.0,1482.599976,23
740,940.5499880000001,180,823.5,536.099976,526
623,909.0,811,790.0,891.5,66
1050,1277.400024,372,1217.0,899.900024,608
899,795.0,280,953.0,962.5,38
464,881.900024,46,629.0,601.700012,1130
1661,1785.5201170000003,741,1734.199951,1559.599976,178
1153,1126.400024,102,1203.0,1074.900024,48
1211,1085.0,291,1325.0,1163.900024,58
863,1265.449951,361,977.5,801.700012,215
2397,2300.9,782,2425.199951,2031.0999760000002,17
1605,1638.128627,834,1697.1428219999998,1622.199951,99
651,801.599976,28,660.0,615.400024,119
581,1024.400024,205,683.0,630.400024,233
1162,1231.925049,210,1279.5,755.799988,556
1274,1273.040039,341,1326.199951,1174.0,111
806,834.0,582,928.0,461.39999400000005,511
910,1096.833333,229,961.3333130000001,806.0,384
754,1112.43335,402,822.333313,800.900024,311
587,938.75,89,696.0,630.700012,59
1001,1100.550049,226,1082.5,757.900024,239
1507,1310.9800779999998,466,1612.199951,897.2000119999999,336
627,883.6000369999999,61,687.5,570.700012,266
708,1055.8500980000001,24,809.5,468.700012,710
1775,2075.399902,34,407.0,2051.0,34
1481,1315.383301,408,1545.5,1237.5,233
714,913.599976,264,854.5,912.0,147
1702,1715.0,440,1751.6666260000002,1693.300049,15
1094,1170.5333660000001,195,1202.0,867.900024,43
637,917.2000119999999,47,762.0,616.400024,58
1364,1314.72002,570,1448.0,968.900024,604
1040,1245.849976,265,1169.5,818.299988,361
814,1031.300049,397,847.0,946.7999880000001,135
1343,1291.775024,199,1442.5,1102.800049,149
752,959.0500490000001,54,778.5,642.700012,1180
1040,1162.775024,368,1103.5,847.2000119999999,237
1712,1453.4,311,1795.0,921.7999880000001,337
1224,1319.833415,224,1307.666626,896.2999880000001,669
525,895.900024,70,708.0,430.200012,265
2244,1913.4444440000002,160,2313.555664,1421.599976,630
959,1165.400024,282,1041.0,618.0,162
1101,1221.25,237,1195.25,814.299988,510
996,1261.0,375,1056.5,1132.5,203
744,1194.800049,118,821.0,769.299988,1575
2296,1914.0398440000001,667,2376.666748,1425.599976,317
1274,1352.699951,398,1328.0,1046.199951,104
2070,1744.75,422,2112.0,1214.099976,127
1852,1657.314314,385,1905.571411,1521.900024,29
2132,1967.254616,542,2202.727295,1224.199951,300
1239,1535.1799800000001,290,1290.400024,1267.0,20
1852,1742.8499350000002,353,1923.6666260000002,1650.5,48
1070,1220.06665,731,1161.333374,1269.199951,48
1389,1425.700073,667,1463.5,1225.699951,21
1415,1554.3500980000001,309,1438.5,1091.400024,192
2634,2138.00013,474,2701.266602,1433.099976,153
2319,2100.699916,266,2391.857178,1894.300049,14
1296,1353.800049,218,1298.5,963.2999880000001,290
2581,2097.643799,283,2640.9375,1855.4000239999998,34
1307,1656.4800779999998,462,1162.199951,958.599976,899
1592,1608.6777339999999,385,1673.0,852.900024,249
1005,820.399963,793,947.0,1114.0,43
2912,2090.1868489999997,307,2983.266602,1417.800049,62
2332,2054.4998600000004,705,2410.357178,1773.800049,228
960,1439.075073,254,1082.5,828.599976,206
1167,1284.666667,496,1201.0,1194.0,25
2728,2421.399902,65,2903.0,1900.0999760000002,41
1595,1395.72002,497,1645.800049,963.7000119999999,171
2032,1843.2250980000001,429,2092.5,1554.900024,94
348,1175.199951,790,424.0,477.200012,64
0,994.2999880000001,81,143.0,406.899994,21
0,766.6999509999999,93,143.0,640.0,9
573,911.0,1218,675.0,759.5,429
1169,1267.566732,1885,1215.666626,1339.599976,67
473,794.049988,215,583.5,521.5,393
383,686.200012,15,359.0,337.5,8
487,1409.699951,102,499.0,887.2999880000001,29
853,1317.1499019999999,141,892.5,1038.5,57
1343,1255.889941,396,1406.900024,1195.5,2208
875,1232.25,236,958.75,759.599976,1460
806,890.8000490000001,582,928.0,531.200012,565
2070,1772.3909800000001,401,2113.181885,1326.699951,132
580,1102.400024,46,584.0,432.0,675
1177,1154.099976,199,1228.5,751.200012,170
1560,1547.246745,414,1628.666626,1095.5,231
692,1479.800049,596,795.0,958.400024,20
1121,1198.899984,331,1189.333374,1378.099976,19
753,835.900024,605,756.0,427.60000599999995,34
1186,1117.574951,383,1274.0,1138.400024,298
1008,1121.599976,178,1034.5,715.099976,425
1207,1316.775024,272,1294.75,1288.400024,90
958,889.7000119999999,387,1107.0,621.299988,344
1191,983.56665,421,1231.333374,808.200012,921
1105,1170.5,296,1146.0,1157.699951,13
2268,1940.4143420000003,395,2323.428467,1543.5,155
901,1000.0500490000001,603,995.5,794.299988,207
913,1495.5,504,1022.3333130000001,1198.400024,19
1172,1096.366699,338,1278.333374,1203.599976,53
821,733.799988,294,924.0,476.89999400000005,408
565,995.650024,164,436.0,648.400024,1032
552,1413.699951,106,674.0,492.10000599999995,337
692,2043.299927,27,0.0,786.799988,311
1340,2441.600098,40,1391.5,1181.599976,678
1310,1125.3999019999999,276,1368.5,879.900024,258
1085,1067.733317,285,1190.333374,713.5,741
689,1045.900024,173,776.5,666.599976,258
1252,1121.75,333,1314.5,931.5,44
1308,1280.481712,339,1360.272705,859.2999880000001,2024
1842,1655.1400390000001,465,1915.699951,1020.099976,283
521,2074.199951,27,0.0,391.600006,1158
1081,812.099976,654,1111.0,701.200012,176
1162,1248.200033,459,1175.0,891.7999880000001,91
1175,1203.766683,204,1195.0,732.200012,428
962,1227.6799800000001,253,1064.400024,759.0,1974
1333,1334.31665,437,1450.833374,1184.599976,319
1861,1799.949951,780,1906.0,1377.099976,10
1127,1128.166667,457,1225.333374,821.200012,602
1312,1289.8599609999999,309,1409.400024,985.0,337
1009,1117.400024,260,1128.5,819.700012,53
970,996.8000490000001,346,1076.333374,729.299988,343
2118,1757.949951,213,2177.0,1320.0,539
893,978.3000490000001,1294,925.0,992.099976,14
1336,1036.625,343,1389.5,889.2999880000001,296
682,574.200012,53,753.0,500.60000599999995,573
1207,1192.599976,354,1257.0,849.7000119999999,308
750,1191.300049,90,309.0,639.5,14
1148,1122.5,696,1267.0,997.400024,645
1446,1409.733398,454,1558.333374,1492.300049,62
963,1133.650024,65,1032.0,786.299988,137
761,1047.099976,99,929.0,718.799988,25
1227,1353.5,232,1314.0,1105.599976,1542
1852,1745.4625239999998,349,1901.75,1669.300049,39
580,1127.0,45,584.0,463.299988,639
814,1505.099976,49,816.0,777.799988,639
1310,1455.674927,275,1361.0,1229.099976,111
1196,1381.049927,222,1253.0,1104.0,46
854,1043.8,338,973.400024,648.799988,516
1266,1368.133301,180,1340.666626,1142.900024,166
527,996.3000490000001,12,719.0,457.700012,100
669,763.3000490000001,57,821.0,654.400024,441
2063,1767.7701170000003,371,2103.600098,1550.199951,115
1179,1028.900024,717,1179.0,1422.099976,50
970,1161.099935,443,1083.666626,808.5,924
1099,1172.849976,557,1210.0,1002.2000119999999,214
1161,1412.633301,756,1264.333374,1071.900024,251
806,967.200033,98,865.3333130000001,604.299988,1535
1607,1612.566623,310,1685.888916,1259.900024,127
708,1342.099976,46,781.0,564.299988,492
1063,1092.949951,256,1140.0,684.599976,475
1006,1087.349976,255,1042.0,1101.900024,209
2603,1934.233398,452,2663.5,1699.300049,247
1274,1486.733236,624,1378.0,1411.0,109
1170,1367.3999019999999,234,1252.5,1263.900024,23
1099,1318.3999019999999,675,1163.0,1481.0,30
1024,1410.5,247,1094.0,1151.800049,101
1388,1592.227273,523,1468.090942,1079.800049,4934
1112,1405.700073,290,1170.5,875.7999880000001,2196
910,1061.4666339999999,230,961.3333130000001,837.799988,398
2132,1999.375326,525,2204.166748,1382.900024,303
814,1439.800049,43,816.0,794.599976,664
1383,1407.599935,351,1474.333374,908.7000119999999,142
1655,1739.0415039999998,602,1727.9166260000002,1303.699951,227
2301,2004.0333660000001,1142,2381.333252,1828.0,14
1049,1380.75,443,1113.5,1120.300049,73
1421,1438.549927,376,1497.75,1238.599976,385
1184,2294.0,284,1184.0,1716.300049,7
1207,1272.549927,252,1235.25,1074.099976,256
1184,1480.8400390000002,314,1273.599976,1272.199951,273
1140,1300.75,492,1313.0,914.2999880000001,335
1395,1375.0,508,1479.599976,1110.599976,1069
2318,2021.8726920000001,602,2371.363525,1686.4000239999998,333
801,1326.299927,291,920.5,1076.099976,263
1035,1778.9000239999998,364,1116.0,1578.599976,59
915,1655.199951,532,984.25,1135.199951,94
1414,1436.675049,357,1513.25,1165.5,68
1161,2210.899902,928,584.0,1248.199951,42
1048,982.5,376,1126.0,825.599976,311
784,1276.5,373,845.0,816.0,225
783,1461.900024,1420,972.0,1200.599976,109
1124,2294.2999670000004,101,1166.666626,1302.199951,1772
1319,1487.75,210,1384.0,1384.599976,37
1290,1430.699951,652,1331.0,1206.699951,49
1512,1424.324951,452,1590.75,1190.400024,233
1267,1380.379883,414,1419.599976,984.0,944
877,1027.300049,434,877.0,914.0,416
1474,1427.3999019999999,372,1532.5,1028.699951,64
1502,1516.7572539999999,456,1585.428589,1099.800049,2775
1914,1839.61843,559,1989.0,1321.099976,401
543,1430.0,515,675.0,586.799988,1267
1131,1007.2999880000001,709,1133.0,834.700012,306
1393,1515.766602,561,1409.333374,1074.400024,55
1355,1464.299927,481,1423.0,1060.800049,342
1200,1481.9334310000002,324,1299.333374,965.7999880000001,2098
1460,1495.285575,393,1568.857178,1242.300049,691
759,1642.400024,372,759.0,1122.699951,23
1225,1355.766683,466,1277.666626,1199.800049,487
1377,1299.275024,387,1397.0,1034.900024,549
1240,1445.199951,254,1336.5,1013.599976,61
1001,1151.699951,311,1043.333374,910.2999880000001,451
1889,2075.425049,247,1999.5,1223.900024,971
1559,1362.5,380,1627.599976,1157.300049,381
1396,1530.900065,488,1499.333374,1008.400024,544
1392,1674.588867,470,1453.444458,1237.199951,650
1585,1698.8333329999998,446,1641.666626,1502.300049,69
1195,1443.849976,307,1301.5,1145.800049,58
1041,1143.349976,365,1201.0,784.400024,161
1177,1142.599976,190,1228.5,636.099976,198
1383,1431.666667,353,1474.333374,898.2999880000001,137
852,1354.199951,25,919.0,825.900024,6
1649,1450.5,383,1721.6666260000002,1099.599976,72
1653,1589.6000980000001,193,1721.1666260000002,1086.099976,27
1063,1329.699951,271,1218.5,1271.900024,42
1144,1243.400024,92,1250.0,1318.5,60
1690,1160.233317,312,1725.0,963.099976,18
383,642.8000490000001,17,359.0,324.299988,7
1105,1130.633382,1507,1220.0,948.5,67
634,598.8000490000001,159,664.0,612.900024,39
930,1245.800049,1254,992.0,1004.7999880000001,27
2030,1867.1500239999998,1230,1990.5,1586.300049,10
1860,2093.75,1812,1918.5,2357.100098,11
1310,1784.5999760000002,634,1371.0,1616.400024,18
590,1511.8999019999999,686,741.0,1068.0,23
2165,1998.733398,1074,2027.0,2005.4000239999998,37
399,1151.224976,206,377.5,647.799988,1929
1731,1572.489041,508,1796.111084,1302.800049,280
754,1121.4666339999999,396,822.333313,800.700012,280
0,999.7999880000001,85,143.0,398.600006,21
1560,1509.406641,400,1628.666626,1086.699951,243
1310,1380.622179,248,1355.777832,1083.5,152
1655,1716.8250329999998,573,1727.9166260000002,1333.400024,236
823,1102.199951,30,818.0,682.400024,15
1310,1383.933268,459,1358.0,1037.400024,131
2132,1751.694696,338,2225.842041,1493.800049,43
787,1111.699951,722,866.5,983.099976,90
791,879.3000490000001,446,796.0,688.900024,207
872,1235.733317,296,925.0,766.0,346
777,854.7000119999999,44,285.0,534.400024,80
1211,1557.6000980000001,426,1256.5,1243.699951,22
1034,870.2000119999999,74,1093.0,816.900024,61
1132,1352.3599609999999,241,1188.0,873.7000119999999,136
2119,1913.115748,486,2201.263184,1454.699951,122
1778,1844.6308589999999,265,1863.153809,1907.5,45
1434,1735.375,417,1506.75,1536.199951,18
2164,2208.899902,561,2214.75,2283.800049,10
845,1214.699951,1035,1032.0,1018.2999880000001,42
818,843.6000369999999,23,823.0,958.0,28
915,1217.550049,262,971.0,823.599976,195
736,990.4500119999999,322,738.5,652.200012,621
1995,1884.022987,255,2079.076904,1599.599976,46
780,1291.985631,369,749.714294,774.900024,1339
1122,1277.988932,516,1197.666626,932.400024,312
563,698.899963,970,602.0,653.900024,82
1618,1574.0333660000001,332,1670.666626,1410.400024,9
2321,1835.707782,321,2403.5385739999997,2037.5,14
1769,1738.356201,539,1828.625,1279.400024,385
433,1014.7999880000001,149,508.0,705.900024,293
328,907.3999630000001,156,493.0,482.799988,830
711,1150.266683,670,766.666687,766.299988,201
2615,2137.942941,463,2697.571533,1849.300049,47
1098,1333.25,462,1169.25,1182.599976,54
1036,1137.8599609999999,317,1091.199951,960.7000119999999,289
1481,1545.023137,362,1534.461548,1172.199951,150
1579,1893.040039,552,1669.599976,1637.800049,18
588,970.2000119999999,19,629.0,813.400024,54
143,1038.599976,15,0.0,359.799988,165
1982,2042.30013,1605,2049.0,2311.100098,26
1208,1688.0,533,1207.0,1361.599976,24
692,1371.5,497,795.0,844.900024,18
2332,2074.0,394,2334.0,2095.899902,37
853,1475.1000980000001,45,862.0,1126.900024,146
2156,1930.300049,324,2157.0,1713.5,28
2404,2147.875,379,2408.75,2257.800049,33
1286,1532.200073,256,1297.5,1100.800049,177
990,1373.099976,143,1055.0,984.400024,354
2525,2126.1201170000004,804,2600.600098,1676.400024,11
2301,1998.5333660000001,1087,2381.333252,1784.699951,13
823,1112.099976,23,818.0,677.0,17
1583,1597.366699,657,1566.0,1459.599976,32
1745,1731.550049,830,1891.0,1246.900024,17
1108,1206.049927,194,1114.0,903.7000119999999,48
509,821.833333,453,607.666687,688.599976,905
1742,1383.242885,279,1793.0,1929.4000239999998,15
587,918.0,82,696.0,550.200012,66
1239,1573.139941,296,1290.400024,1317.099976,20
1121,1078.166667,325,1189.333374,1108.900024,18
1196,1240.400024,237,1253.0,1086.300049,42
1049,1377.75,430,1113.5,1136.400024,61
1992,1752.800084,269,2083.428467,997.900024,15
1285,1241.93335,233,1351.0,1069.099976,88
1085,1520.800049,349,1155.5,1536.099976,9
1327,1537.666667,512,1380.333374,1431.099976,21
1201,1252.5,122,1280.0,999.2000119999999,25
1604,1696.180078,483,1676.599976,1445.599976,18
1356,1683.433268,254,1441.0,1442.300049,7
1083,1216.075073,108,1119.75,1014.900024,38
1282,1340.5,385,1347.142822,1014.099976,55
1040,1265.224976,336,1113.0,966.0,64
392,755.700012,79,513.0,522.599976,42
1811,1501.8999720000002,275,1855.714233,1493.400024,54
989,1396.300049,368,1052.5,1125.599976,13
641,1174.550049,74,741.0,1037.099976,27
573,915.2000119999999,105,660.0,756.0,49
293,776.900024,89,475.0,581.299988,36
1720,1111.199951,109,1867.0,1482.599976,23
1677,1684.4624019999999,253,1779.625,1467.400024,26
1211,1392.599976,1435,1389.0,1135.199951,96
644,1049.599976,88,745.0,694.599976,39
852,1268.199951,25,919.0,861.0,6
777,1296.6000980000001,190,871.0,710.099976,49
985,1206.699951,399,1040.0,1144.0,76
1693,1756.7199219999998,248,1773.199951,1720.5,5
727,1271.900024,70,812.0,748.400024,48
1118,1565.200073,139,1227.5,1256.900024,6
1207,1269.5,835,1396.0,1193.400024,54
1276,1743.4000239999998,706,1358.0,1124.400024,4
1418,1197.199951,672,1419.0,1084.599976,26
753,798.200012,607,756.0,410.600006,41
473,820.450012,608,516.5,557.599976,100
258,819.900024,195,455.0,407.299988,34
1427,1423.272816,882,1501.3636470000001,1451.599976,1057
1001,1117.675049,215,1082.5,717.700012,248
1852,1704.2285160000001,311,1916.714233,1692.300049,51
1186,1100.5,361,1274.0,1151.400024,304
1421,1400.549927,361,1497.75,1297.900024,349
1310,1400.950033,453,1358.0,1078.0,122
1022,1260.650024,892,1031.0,550.400024,199
1618,1608.933268,358,1700.3333739999998,1585.400024,55
611,914.900024,72,741.0,606.700012,140
2063,1755.575073,350,2129.625,1809.800049,66
1704,1758.0285989999998,276,1773.285767,1829.4000239999998,31
1500,1567.542829,480,1588.714233,1323.0,349
1148,1267.0249019999999,391,1242.0,1211.099976,195
818,1244.0,412,954.0,1026.5,43
1666,1663.599935,267,1731.1666260000002,1609.599976,75
2565,2641.274902,539,2610.75,2746.0,20
1076,1458.69987,379,1103.0,974.599976,179
1615,1606.466797,415,1676.666626,1506.0,78
1231,1178.939941,263,1310.599976,913.7999880000001,410
1305,1332.575073,356,1352.25,1170.5,18
1219,1411.900024,571,1228.5,553.200012,210
1018,1231.8999019999999,734,1053.5,1084.400024,198
1088,1220.5,355,1215.25,1030.400024,127
1324,1330.300049,531,1407.5,1307.5,96
1305,1245.2000560000001,216,1369.142822,1047.699951,236
3164,2304.438702,328,3240.153809,1925.199951,103
630,646.700012,80,648.0,644.900024,337
1853,1959.4143420000003,336,1933.1428219999998,2052.899902,38
856,923.400024,650,999.0,601.5,84
666,1339.5,366,840.0,1017.2999880000001,12
1184,2256.600098,233,1184.0,1742.4000239999998,6
1177,1717.0999760000002,592,1178.0,1041.199951,114
2078,1721.252673,544,2142.368408,1530.5,631
1507,1305.27998,448,1612.199951,759.099976,336
1008,1095.375,172,1034.5,531.0,439
854,962.5199220000001,312,973.400024,540.599976,515
1207,1236.3999019999999,237,1235.25,881.099976,238
2132,1730.073602,330,2225.842041,1485.199951,39
1992,1714.685686,261,2083.428467,922.7000119999999,18
1276,1559.099976,617,1358.0,1171.099976,5
1022,1230.0,846,1031.0,560.799988,183
2106,1568.19997,278,2169.4614260000003,1322.699951,56
1341,1141.92002,455,1382.0,881.7000119999999,103
1366,1232.742885,601,1454.285767,809.299988,254
2905,2108.856957,338,2971.666748,1690.0999760000002,38
1897,1699.112549,301,1968.875,1500.800049,9
1004,1168.150024,463,1073.25,469.0,355
858,1074.449951,167,969.0,700.599976,224
718,845.75,576,742.5,618.900024,30
728,1002.7999880000001,126,804.0,440.39999400000005,308
511,771.0,105,630.0,491.799988,122
1700,1518.939941,333,1766.4000239999998,1414.699951,47
1414,1147.619922,429,1454.599976,664.599976,148
1418,1325.175049,462,1505.375,1279.300049,155
1507,1313.466553,835,1582.166626,869.400024,632
2446,1899.955729,355,2524.888916,1425.800049,51
1438,1211.757115,483,1539.428589,845.099976,282
1840,1522.833333,285,1982.5,1170.400024,27
682,1091.800049,717,734.0,463.39999400000005,156
1832,1722.2571149999999,413,1918.714233,1622.300049,48
1766,1445.862549,391,1820.0,1068.0,121
2004,1424.959961,351,2081.300049,1433.800049,51
1790,1326.5636539999998,324,1881.1817629999998,865.7000119999999,137
1308,1223.949951,850,1312.5,833.0,75
1110,1105.949951,281,1211.0,533.299988,425
1234,1193.133301,473,1342.666626,1118.0,14
849,1027.8999019999999,566,905.75,686.799988,184
1560,1440.799967,490,1579.0,1261.0,20
1520,1371.099976,430,1623.5,900.7999880000001,23
1260,1587.599976,965,1384.0,1422.0,12
388,1268.633301,83,185.666672,433.0,1942
1770,1518.55451,268,1837.636353,1043.599976,233
627,847.5,68,687.5,513.900024,234
1070,1273.5333660000001,715,1161.333374,1261.599976,45
573,875.5,1174,675.0,838.700012,465
1207,1155.724976,271,1294.75,1250.900024,86
1266,1253.5333660000001,193,1340.666626,937.0,166
1184,1404.47998,301,1273.599976,1211.0,241
787,1121.175049,723,866.5,981.599976,82
258,802.099976,217,455.0,416.200012,36
1618,1544.833333,352,1700.3333739999998,1587.099976,47
2106,1519.1308589999999,279,2169.4614260000003,1257.300049,46
1006,1060.799967,129,1035.666626,1130.199951,31
1262,1193.433268,479,1359.111084,1020.400024,223
923,1347.5,1100,1108.0,1075.900024,205
1202,1311.650024,1055,1269.0,1252.099976,119
506,815.6999509999999,23,495.0,549.400024,41
1245,1173.040039,92,1307.0,889.2000119999999,79
1748,1702.2889539999999,333,1826.777832,1434.199951,121
1491,1597.366699,229,1576.5,1180.0,67
1571,1437.57998,189,1660.599976,1357.599976,30
772,904.6000369999999,21,813.0,946.900024,2
1060,1189.760059,383,1149.599976,825.5,227
1256,1259.6182529999999,848,1359.0,1039.5,422
901,1079.133301,673,956.0,965.7000119999999,108
685,847.7333169999999,131,494.66665599999993,655.299988,229
354,874.8999630000001,37,551.0,393.100006,126
1838,1597.172763,262,1900.272705,981.2999880000001,220
856,928.75,640,885.25,767.700012,224
868,1168.199951,1103,957.0,1006.2000119999999,275
673,1132.533285,385,734.333313,869.7999880000001,150
316,933.599976,34,452.0,414.299988,146
1833,1834.8999019999999,27,1879.0,1152.199951,82
1055,1228.300049,115,1056.0,590.299988,258
455,709.3000490000001,21,258.0,531.599976,429
1751,1583.450033,277,1809.5833739999998,1655.800049,51
825,1086.233317,403,958.3333130000001,874.7999880000001,549
941,1051.366618,154,1000.0,660.299988,619
1389,1256.799967,479,1427.666626,1437.099976,20
958,836.299988,377,1107.0,600.900024,344
527,1162.800049,10,719.0,373.0,116
1140,1296.199951,487,1313.0,922.900024,338
791,913.1999509999999,457,796.0,730.599976,195
611,911.75,75,741.0,606.099976,139
1341,1154.460059,478,1382.0,812.799988,109
1006,1098.56665,137,1035.666626,1122.300049,32
1567,1395.4334310000002,613,1630.666626,1360.0,86
1454,1439.740039,351,1530.400024,1058.900024,347
1089,1211.0,176,1218.5,1397.900024,53
1227,1349.699951,301,1213.5,1250.099976,72
1207,1220.974976,215,1263.5,1098.5,64
369,1053.099976,36,549.0,373.700012,47
1108,989.0,404,1112.0,891.400024,115
754,1025.199951,39,826.0,696.099976,213
980,1184.275024,276,1076.25,869.900024,546
706,896.8000490000001,48,732.0,449.700012,201
2631,2177.6000280000003,222,2715.428467,1698.0999760000002,93
542,1079.900024,372,688.0,566.900024,29
744,1046.633301,198,826.0,588.299988,466
1364,1482.699951,442,1389.5,1499.099976,60
620,710.5,41,658.0,541.200012,11
1326,1326.200073,553,1406.0,1266.400024,56
1022,1240.899984,428,1099.166626,817.200012,2409
950,1332.700073,421,1077.5,639.099976,2091
708,1115.150024,23,809.5,450.200012,636
1415,1426.366699,245,1438.0,1091.599976,223
1191,991.7666830000001,407,1231.333374,808.599976,879
669,663.400024,64,821.0,676.0,448
1395,1438.0,500,1479.599976,1079.0,1123
872,1303.833333,283,925.0,874.400024,335
2332,2186.199951,406,2334.0,2078.800049,34
1285,1306.600016,225,1351.0,1021.7000119999999,93
1366,1256.7572539999999,620,1454.285767,769.599976,281
1262,1224.988932,484,1359.111084,1097.599976,259
1900,1970.766602,763,1963.6666260000002,2018.300049,78
1624,1558.366699,344,1650.0,1161.599976,401
1422,1448.371512,341,1542.285767,1376.400024,132
1089,1505.1000980000001,365,1067.0,995.2999880000001,63
1638,1485.814314,454,1703.714233,1191.0,884
1267,1389.025024,249,1336.75,933.400024,645
1022,1187.75,131,1181.0,845.7000119999999,218
1483,1419.75,418,1519.0,1367.5,160
1793,1753.700073,740,1870.75,2063.0,95
1152,1281.56665,529,1274.666626,1063.0,35
1312,1305.31665,539,1416.833374,1135.099976,213
721,790.200012,320,893.0,1083.5,8
1176,1480.849976,343,1192.5,1050.599976,375
1046,969.6999509999999,267,1092.0,772.0,1084
910,1184.099976,223,1027.0,619.599976,253
1569,1379.985631,524,1667.428589,1030.900024,326
963,1539.200033,378,1049.666626,693.5,1466
911,1353.699951,314,1021.5,573.5,521
975,911.56665,187,1024.333374,610.599976,637
2952,2245.26423,283,3001.571533,1604.0,401
1652,1669.8400390000002,401,1702.4000239999998,1748.0,202
930,857.366618,187,960.3333130000001,1083.0,30
1457,1825.3333329999998,217,1570.666626,1709.199951,13
1085,1152.900024,263,1204.0,892.0,105
1105,1136.5,290,1146.0,1148.800049,12
534,1321.900024,375,621.0,740.400024,28
850,1038.0,567,1019.0,720.900024,71
1526,1826.199951,779,1613.0,1452.699951,17
1900,1898.3333329999998,736,1963.6666260000002,1843.5,78
1814,1939.133301,1738,1838.0,1804.699951,171
1154,1120.75,480,1201.0,1542.300049,21
1859,1622.300049,858,1938.5,1985.800049,43
1085,1462.400024,327,1155.5,1470.300049,7
923,1379.800049,1136,1108.0,976.099976,177
1775,2089.300049,24,407.0,1868.0,21
930,1140.25,85,603.0,804.299988,1892
2507,1900.490699,578,2573.5239260000003,1529.5,400
1481,1280.350016,397,1545.5,1091.0,215
2268,1852.899972,379,2323.428467,1385.199951,149
2063,1642.700195,358,2103.600098,1425.599976,100
2318,1936.9636010000002,572,2371.363525,1497.0,335
777,880.6999509999999,35,285.0,542.200012,68
1327,1532.366699,488,1380.333374,1461.800049,27
2063,1712.887451,344,2129.625,1738.199951,60
2905,2037.499814,339,2971.666748,1796.800049,36
1202,1298.300049,1049,1269.0,1273.0,107
1567,1327.866699,592,1630.666626,1313.599976,83
1624,1423.133301,348,1650.0,1026.599976,382
1909,1626.355577,409,1980.222168,1282.199951,86
2831,2185.305773,437,2894.555664,1869.800049,168
2461,2154.557199,286,2569.142822,1592.400024,56
1643,1332.900024,300,1702.0,1158.099976,106
1508,1251.5,333,1511.333374,1123.800049,288
2733,2111.6,261,2807.533447,1667.199951,102
771,1052.849976,39,432.0,832.099976,195
1512,1507.049967,534,1350.5,1067.900024,919
1778,1524.06684,457,1837.777832,1069.699951,297
1189,1025.75,513,1236.5,945.2000119999999,98
3117,2089.609961,292,3176.199951,1430.199951,153
2543,2055.071243,573,2614.333252,1465.0,532
1077,1007.900024,359,1081.0,677.599976,587
1166,1400.22002,292,1240.599976,562.799988,576
956,1025.0,449,1105.0,561.400024,341
1317,1251.166667,562,1385.666626,995.2999880000001,125
1831,1646.525024,362,1894.75,1511.300049,69
1809,1337.133301,547,1842.5,1295.099976,142
2241,1791.361478,364,2300.3076170000004,1278.300049,218
1331,1355.6000980000001,61,1365.0,1153.199951,47
914,902.0,116,920.0,727.099976,250
1121,1281.900024,3969,1121.0,943.900024,109
1041,1490.833333,870,1162.666626,1342.400024,16
1058,1586.766602,913,1145.333374,818.299988,27
1262,1353.699951,3939,1264.0,1217.199951,119
827,998.0799800000001,404,880.400024,844.2000119999999,1363
1650,1539.5333660000001,430,1744.1666260000002,1142.699951,222
714,831.350037,267,854.5,879.599976,132
901,766.700012,602,995.5,639.599976,198
1179,800.099976,761,1179.0,1365.400024,36
801,1193.550049,259,920.5,1079.900024,223
1211,1507.566732,435,1256.5,1229.800049,26
1704,1644.171456,277,1773.285767,1827.199951,29
1897,1707.875,308,1968.875,1534.0,7
506,824.099976,23,495.0,515.5,42
1422,1361.0714289999999,353,1542.285767,1372.699951,116
1379,1368.550049,699,1453.75,1022.900024,126
1372,1086.0,469,1427.0,1086.900024,44
1543,1634.9666339999999,249,1626.666626,1416.099976,13
1224,1349.52002,250,1332.199951,1364.900024,72
1600,1518.4800779999998,256,1663.0,1678.699951,16
1463,1505.75,569,1557.0,890.099976,490
1367,1399.9,326,1411.599976,1360.699951,27
471,507.200012,12,506.0,324.100006,956
681,946.349976,56,794.0,957.7000119999999,28
2042,1755.685686,231,2124.714355,1453.5,38
1730,1621.766764,459,1820.6666260000002,1594.800049,71
1155,1419.8,455,1243.400024,1276.800049,80
873,1300.766683,67,963.0,979.099976,144
913,1008.875,75,923.75,1078.699951,30
518,841.75,20,578.0,461.200012,80
1531,1318.800049,60,1730.0,647.799988,204
1073,1000.900024,373,1165.5,1184.300049,95
1733,1664.320117,388,1806.800049,1805.0,38
737,1298.800049,420,923.0,832.599976,63
1661,2133.300049,744,1662.0,1788.5,122
1035,1570.900024,329,1116.0,1525.599976,47
2130,1934.800049,722,2135.0,2000.199951,32
1020,1378.1000980000001,396,1020.0,1100.099976,166
905,1064.699951,26,941.0,985.599976,19
2254,2489.571429,814,2325.428467,2080.0,42
1702,1640.233398,437,1751.6666260000002,1620.0,11
913,1268.333333,461,1022.3333130000001,978.7999880000001,16
915,1511.875,510,984.25,1097.0,80
590,1474.5,687,741.0,1052.199951,16
471,1532.199951,527,614.0,471.60000599999995,258
2119,1923.733398,968,2152.333252,1973.4000239999998,48
1491,1457.150024,576,1552.5,1581.199951,23
1540,1567.8500980000001,932,1629.125,1339.800049,200
1094,1187.9666339999999,183,1202.0,929.400024,41
1172,1103.133301,322,1278.333374,1190.099976,54
1414,1435.375,347,1513.25,1345.699951,54
1438,1557.400024,558,1512.5,1244.300049,38
1075,1401.333333,522,1224.666626,947.099976,90
718,1035.3999019999999,101,875.0,670.400024,119
691,1275.900024,55,756.0,727.599976,353
1201,1273.525024,213,1310.0,934.7999880000001,50
685,718.799988,40,701.0,762.5,151
1220,1212.800049,984,1246.0,1258.5,357
2765,2355.0398440000004,849,2821.399902,1919.699951,9
1034,950.7000119999999,72,1093.0,803.0,70
1725,1696.4000649999998,816,1828.6666260000002,1749.699951,14
1338,1177.3999019999999,346,1365.5,1385.300049,25
1258,2071.900146,525,720.5,1058.199951,18
1161,2085.600098,891,584.0,1231.5,41
599,2000.0,1060,737.0,359.899994,49
826,1139.5,463,980.0,818.700012,32
1888,1753.6666670000002,1099,2014.0,1486.400024,26
1089,1413.599976,391,1067.0,1064.699951,48
996,1385.8999019999999,1252,993.0,854.0,161
780,1214.5,427,879.0,660.799988,85
1271,1249.800049,984,1278.0,1484.5,132
1607,2056.899902,1246,1724.0,1843.199951,9
1266,1385.300049,1622,1301.0,1701.199951,87
1271,1653.549927,1142,1312.0,1578.099976,41
1545,1655.866699,1367,1673.0,1695.199951,107
3092,1802.5,1279,3162.0,1800.300049,77
3750,3002.074951,854,3887.75,2632.399902,29
3789,3002.074951,854,3887.75,2632.399902,29
3223,2296.949951,477,3334.0,3580.899902,5
1143,1352.185686,429,1238.142822,1053.5,1124
599,1061.300049,41,623.0,582.299988,578
637,931.0,49,762.0,645.299988,56
821,702.799988,286,924.0,466.10000599999995,370
1048,899.0,377,1126.0,865.099976,302
1132,1360.2,243,1188.0,840.7999880000001,150
1201,1311.299967,127,1280.0,1255.0,23
1004,1204.375,472,1073.25,566.400024,343
1245,1277.459961,97,1307.0,983.099976,98
1909,1669.111003,424,1980.222168,1446.0,90
1229,1232.674927,365,1344.5,993.900024,416
860,910.2999880000001,172,1040.0,659.200012,215
1285,1374.0333660000001,240,1332.0,1539.699951,58
898,1273.849976,297,1032.5,916.400024,76
554,870.6999509999999,52,693.0,607.599976,844
1452,1486.757115,270,1529.857178,1099.400024,77
827,730.5,154,844.0,802.400024,270
1212,1247.0333660000001,442,1271.333374,753.900024,122
639,948.6999509999999,44,659.0,634.700012,644
833,1030.100016,186,893.0,1235.099976,94
806,908.9500119999999,110,929.0,883.7999880000001,89
1051,1172.133301,187,1172.666626,918.400024,33
949,975.93335,65,993.6666869999999,635.5,112
2758,2090.128488,363,2858.428467,1661.699951,65
468,1052.0,53,640.0,416.799988,524
1671,1789.0999760000002,693,1689.0,1479.900024,23
1906,1716.5765170000002,565,1812.2940670000003,1286.0,2208
977,1252.52002,281,1040.800049,847.7999880000001,929
1364,1186.3400390000002,531,1448.0,853.099976,517
2634,2079.012695,419,2700.1875,1473.5,150
565,1121.400024,149,436.0,531.299988,858
970,1101.133301,409,1083.666626,650.200012,841
1649,1381.5,331,1721.6666260000002,1074.199951,59
2119,1814.636719,461,2201.263184,1334.699951,127
1604,1704.180078,441,1676.599976,1368.0,17
1500,1512.8999720000002,444,1588.714233,1060.5,314
858,1079.799927,169,969.0,694.799988,241
1748,1658.744466,307,1826.777832,1461.099976,122
1454,1373.1799800000001,310,1530.400024,987.599976,304
1638,1388.614258,421,1703.714233,990.599976,838
2831,2160.14974,419,2894.555664,1849.5999760000002,164
1379,1347.900024,647,1453.75,1029.0,120
1438,1469.724976,498,1512.5,1275.300049,22
1229,1145.074951,329,1344.5,917.599976,348
687,1026.099976,232,793.5,693.0,74
1111,1391.949951,893,1188.5,802.599976,245
1167,2067.600098,185,1167.0,1328.099976,166
1685,1708.0999760000002,686,1868.5,965.0,3
455,854.5,235,640.0,622.0,57
1737,1481.566732,337,1781.1666260000002,1132.300049,197
1574,1423.085658,324,1655.571411,1076.900024,620
1750,1412.0,415,1772.3333739999998,1331.800049,11
1771,1550.314314,435,1752.071411,1188.099976,1200
2403,1906.60013,459,2362.0,1462.099976,181
1075,1083.074951,748,1135.75,689.299988,887
1645,1402.875,576,1686.75,923.400024,196
1295,1402.299967,278,1306.333374,1088.699951,28
932,932.1999509999999,312,1002.0,959.400024,208
1051,1263.639941,274,1111.0,842.2000119999999,965
1874,1724.563743,478,1822.363647,1398.800049,210
386,1410.900024,525,519.0,1015.900024,281
1686,1488.085798,598,1770.8571780000002,1095.400024,438
1876,1583.3000220000001,430,1945.222168,1033.199951,291
1952,1141.099976,125,1939.0,1054.699951,31
1535,1321.128488,423,1601.428589,1085.5,287
2472,1806.4000649999998,574,2546.666748,1735.4000239999998,146
1455,1399.699951,797,1468.5,1347.900024,14
1721,1524.944444,379,1806.0,1126.5,348
1163,1153.666667,384,1249.0,812.099976,667
1683,1410.675049,416,1713.0,1184.5,123
1398,1537.588976,428,1301.111084,948.0,731
1200,1625.3999019999999,831,1285.5,1022.900024,146
1614,1644.275024,513,1660.0,1107.300049,79
1243,1421.5,931,1318.0,826.599976,40
956,1097.3999019999999,463,1005.0,980.2999880000001,38
1602,1576.1000980000001,447,1744.0,1161.0,20
2051,1878.955729,425,2111.111084,2000.0,23
2489,1451.800049,434,2510.0,1426.099976,11
1027,1159.099976,242,1086.5,727.0,20
1434,1533.5,649,1468.5,1400.5,101
718,855.5500490000001,629,742.5,644.299988,34
694,1052.099976,289,809.5,723.5,40
794,1198.0,449,871.0,732.0,141
500,814.400024,31,559.0,630.599976,10
550,1257.199951,45,739.0,769.099976,19
1605,1555.574951,565,1670.0,1402.300049,1148
692,1068.574951,145,773.5,582.900024,937
1040,1233.25,269,1169.5,724.5,341
2319,2122.726823,247,2388.600098,1847.4000239999998,15
1778,1811.5306489999998,264,1863.153809,1864.0,40
1356,1715.633464,244,1441.0,1582.199951,6
1148,1239.875,375,1242.0,1178.0,176
728,941.7000119999999,131,804.0,426.700012,288
1491,1610.200033,224,1576.5,1335.599976,68
1089,1186.375,162,1218.5,1398.099976,40
1267,1345.875,249,1336.75,800.700012,583
2461,2178.714286,292,2569.142822,1561.800049,51
1075,1330.600016,488,1224.666626,870.0,71
860,800.700012,179,1040.0,599.0,189
1001,1393.299967,295,1018.6666869999999,1167.400024,71
1367,1262.349976,194,1411.75,1267.199951,12
1208,1314.125,271,1319.75,715.900024,461
397,588.299988,23,346.0,399.700012,167
1400,1316.75,494,1449.166626,966.900024,689
2080,1875.1000600000002,292,2157.923096,1839.800049,33
817,1117.599976,647,830.0,710.099976,373
1350,1278.8999019999999,209,1398.5,1342.400024,27
878,1052.75,118,959.5,630.900024,203
777,1210.25,225,849.0,644.299988,827
1552,1635.628488,267,1615.285767,1235.599976,149
1363,1289.040039,338,1455.800049,1383.300049,131
1564,1351.933268,294,1659.833374,1586.199951,62
1279,1198.433268,252,1303.666626,753.5,159
2368,1961.9000649999998,435,2435.0,1354.300049,60
1369,1238.375,216,1446.5,899.2999880000001,217
798,1226.599976,354,991.0,567.5,343
1324,1369.166667,228,1388.333374,931.0,57
1065,1245.42002,544,1174.199951,939.5,340
1221,1649.0,156,1324.0,991.2999880000001,56
1643,1757.3800780000001,201,1754.0,1924.800049,12
761,855.150024,63,563.0,662.5,61
1586,1564.6834310000002,531,1670.0,1290.199951,393
552,1377.300049,92,674.0,466.299988,311
784,1226.599976,344,845.0,756.799988,199
818,1352.699951,441,954.0,1026.699951,41
511,797.599976,102,630.0,472.39999400000005,130
1571,1509.3200199999999,186,1660.599976,1410.300049,30
1022,1135.1499019999999,141,1181.0,860.5,212
1372,1210.599976,442,1427.0,1095.599976,39
687,1019.6000369999999,234,793.5,719.400024,98
1120,1401.599976,71,1272.0,1027.900024,19
1162,1253.93335,294,1274.666626,911.5,518
1993,1824.8222660000001,215,2054.444336,1749.0999760000002,12
930,857.900024,734,1073.0,696.0,310
610,1325.800049,194,650.0,724.0,14
711,811.099976,112,741.0,681.0,61
1393,1493.025024,193,1452.5,1521.300049,21
1286,1281.299927,132,1315.5,1010.7999880000001,95
1533,1408.233236,161,1583.0,1149.099976,55
1279,1282.266683,144,1365.666626,1051.699951,61
1189,1355.866699,322,1291.333374,1077.599976,20
713,1266.950073,568,824.5,714.200012,271
684,736.799988,641,819.0,544.200012,29
1177,1603.833333,1963,864.3333130000001,1029.699951,56
2741,2208.6,1044,2044.199951,1715.199951,3
1082,1314.399984,674,1135.0,1125.400024,1403
1524,1393.849935,662,1629.333374,1282.099976,239
814,869.400024,357,847.0,795.900024,121
692,1962.0999760000002,26,0.0,520.099976,294
1099,899.150024,560,1210.0,694.900024,212
1434,1666.6875,414,1506.75,1382.400024,25
853,1426.6000980000001,53,862.0,1141.5,169
1666,1470.133464,265,1731.1666260000002,1354.800049,70
1700,1467.979883,316,1766.4000239999998,1344.0,46
772,872.599976,22,813.0,947.400024,4
1227,1171.5,283,1213.5,1105.599976,70
1483,1268.0,423,1519.0,1251.300049,122
1285,1225.333333,221,1332.0,1253.0,45
1111,1291.949951,935,1188.5,820.0,264
1001,1264.0,296,1018.6666869999999,1186.699951,70
1305,1274.833333,349,1376.0,1006.400024,184
1447,1374.300049,356,1446.75,1214.0,85
1552,1451.5,534,1626.571411,1017.0,602
1629,1692.314314,319,1696.714233,1673.099976,25
440,1425.8500980000001,36,0.0,370.200012,708
1864,1647.2833660000001,228,1911.8333739999998,1155.400024,49
1607,1493.733236,684,1708.8333739999998,1184.0,262
1336,1517.1200199999998,248,1417.800049,1163.900024,130
1053,1267.724976,216,1134.0,1189.0,80
1118,1269.575073,206,1214.75,1270.199951,24
723,761.150024,272,863.5,836.200012,75
1508,1872.0,81,1498.5,873.099976,256
1036,772.700012,541,1042.0,920.2000119999999,151
1438,1536.0,246,1504.0,1196.300049,35
1695,1509.2,441,1746.4000239999998,1328.900024,119
1911,1908.4000239999998,1449,1925.0,2021.300049,304
1256,1459.599976,967,1260.0,1539.900024,208
1161,1292.133301,736,1264.333374,1036.0,228
2164,2118.800049,576,2214.75,2121.600098,7
1793,1649.849976,716,1870.75,2068.300049,98
471,1432.25,511,614.0,703.700012,343
1707,1636.1,522,1793.5999760000002,1255.199951,193
1931,1703.133301,859,1999.5,2048.100098,205
1066,1183.099976,914,1105.0,1137.800049,178
1310,1454.0,985,1334.0,1498.0,175
1626,1832.740039,622,1734.0,2192.600098,31
2182,2104.0,2052,2232.5,1528.0,55
1366,1513.800049,946,1365.0,1479.800049,95
783,1342.300049,1368,972.0,1176.199951,104
2344,2417.974854,1550,2400.25,2333.699951,318
2084,2297.050049,894,2169.5,2327.5,14
1340,2449.949951,40,1391.5,1210.900024,692
1124,2346.950195,116,1187.5,1217.900024,1667
2565,2584.774902,529,2610.75,2881.600098,14
1167,2164.100098,188,1167.0,1432.5,160
2626,2293.774902,1287,2690.0,2295.199951,231
1570,1788.5999350000002,821,1699.0,1467.099976,440
2469,2493.274902,710,2529.25,2870.199951,19
845,1218.900024,1085,1032.0,967.0,39
594,719.599976,20,757.0,528.900024,214
1255,1272.699951,147,1294.0,1024.800049,31
1319,1449.849976,207,1384.0,1407.099976,42
1274,1463.200033,232,1378.333374,1175.099976,19
1015,1237.133301,403,1158.0,826.099976,18
1270,1161.900024,82,1328.0,1209.300049,107
1290,1426.3999019999999,664,1331.0,1224.0,46
1685,1763.5999350000002,656,1843.0,1320.0,3
758,1204.5,453,790.0,783.0,43
1063,1296.650024,743,1175.5,1006.400024,45
1699,1758.7000329999998,695,1801.3333739999998,1615.400024,89
1152,1269.399984,556,1274.666626,1085.5,31
1126,1363.449951,135,1160.0,1111.0,17
1289,1472.433268,722,1385.5,1100.0,162
1534,1817.7800780000002,182,1588.0,1640.0,16
1094,1359.650024,268,1272.0,1124.599976,18
808,1302.75,528,870.5,931.900024,58
913,1021.400024,486,961.0,1036.300049,147
455,843.0,247,640.0,606.099976,65
980,1082.800049,431,1046.0,1048.599976,23
1055,1226.43335,710,1132.0,1211.900024,255
2532,2193.774902,590,2544.0,1804.0,8
818,821.200012,25,823.0,950.900024,15
1481,1695.7999670000002,661,1596.0,1625.699951,41
1101,1232.25,186,1115.0,1108.199951,80
1293,1534.900024,128,1405.0,1287.099976,219
1121,1268.1000980000001,480,1213.0,1073.699951,22
1203,1503.400024,61,1335.0,999.099976,47
1438,1483.799927,313,1518.5,1002.7000119999999,88
1380,1316.1000980000001,113,1399.0,1189.400024,53
1193,1329.5,425,1298.0,1123.0,115
1166,1432.0,48,1147.0,1252.800049,16
1076,1696.2999670000002,1820,940.0,1094.300049,66
2607,2344.166667,1274,2625.333252,1782.300049,11
1619,1817.199951,1258,1636.0,1649.0,29
1103,1192.833333,412,1120.666626,822.0,850
996,1169.0,356,1095.333374,620.400024,687
1310,1136.675049,268,1368.5,894.5,253
1512,1389.825073,454,1590.75,1132.5,235
915,1217.650024,260,971.0,812.5,202
1414,1180.6799800000001,447,1454.599976,667.299988,145
1643,1357.349976,311,1702.0,1220.0,102
1543,1680.933268,249,1626.666626,1494.599976,22
1737,1544.616699,379,1781.1666260000002,1305.599976,197
1367,1302.224976,204,1411.75,1145.699951,15
1120,1395.099976,60,1272.0,1041.800049,27
1169,1243.925049,110,1261.0,1048.599976,107
999,1194.800049,410,1099.0,771.5,420
1003,1031.800049,343,1018.0,796.299988,112
628,730.599976,48,751.0,635.099976,95
833,1062.849976,547,919.0,779.799988,762
1008,1213.366699,249,1117.333374,770.099976,1242
1296,1215.166667,242,1299.333374,1031.800049,363
1085,1031.399984,277,1190.333374,681.799988,751
1267,1377.6,411,1419.599976,1081.0,854
736,1073.050049,312,738.5,687.299988,648
2156,2044.25,341,2157.0,2175.199951,22
1083,1293.900024,108,1119.75,1012.5,41
777,1326.099976,199,871.0,671.599976,52
1418,1385.987549,476,1505.375,1284.0,160
1060,1227.27998,386,1149.599976,951.5,238
1508,1347.166667,341,1511.333374,1139.800049,353
1224,1420.540039,247,1332.199951,1534.199951,107
718,1011.2999880000001,99,875.0,665.900024,103
1574,1518.8429130000002,359,1655.571411,1173.699951,714
1208,1336.375,287,1319.75,869.2000119999999,504
1305,1471.4666339999999,360,1376.0,1180.5,225
1707,1730.3201170000002,538,1793.5999760000002,1362.5,178
1126,1344.550049,141,1160.0,1198.5,24
1203,1564.0,52,1335.0,1051.699951,45
1305,1353.574951,353,1349.75,966.400024,251
1051,1257.599976,260,1052.5,990.5,256
870,1156.0,45,918.0,675.099976,760
1625,1359.974976,426,1709.625,1200.900024,183
1039,1348.059961,394,1170.0,878.2999880000001,1213
770,1027.599976,54,824.0,695.599976,306
2755,2298.872514,222,2806.363525,1746.300049,390
468,1127.5,350,577.0,429.0,75
753,942.099976,330,884.0,754.599976,625
1473,1702.5999350000002,417,1531.0,1540.099976,221
735,841.2999880000001,47,750.0,835.700012,27
1866,1794.666829,582,1957.75,1420.5,775
455,1071.1000980000001,101,628.0,609.299988,504
1343,1313.099976,200,1442.5,1099.900024,144
2581,2143.2881429999998,271,2636.176514,1993.4000239999998,34
689,1073.099976,155,776.5,616.599976,262
877,1098.0,395,877.0,870.5,383
1995,1914.946214,254,2079.076904,1552.699951,46
1076,1490.200033,374,1103.0,964.599976,167
1207,1238.449951,210,1263.5,1113.900024,66
1312,1326.7833660000001,538,1416.833374,1010.7999880000001,207
2733,2200.5067710000003,269,2807.533447,1739.9000239999998,89
1600,1571.0199220000002,255,1663.0,1665.900024,16
898,1238.450073,315,1032.5,919.7000119999999,75
694,1122.099976,275,809.5,694.700012,37
397,654.0,21,346.0,522.700012,150
1447,1537.900024,368,1446.75,1282.300049,84
1305,1329.175049,363,1349.75,972.5,219
1444,1500.799967,727,1548.833374,883.0,680
2287,2014.208171,229,2346.0,1602.5,65
1155,1122.733317,379,1216.333374,866.7999880000001,352
1614,1490.066732,186,1754.0,1470.599976,23
772,1225.199951,189,838.5,699.900024,16
516,1020.2999880000001,94,715.0,782.799988,525
1688,1763.9715399999998,253,1731.428589,1466.0,98
1593,1551.2166339999999,164,1649.5,1500.599976,95
1829,1654.955621,199,1919.6666260000002,1283.0,94
1616,1418.214286,188,1642.714233,1324.5,50
2765,2015.8499760000002,338,2823.25,2284.600098,10
1264,1398.775024,357,1406.25,1364.5,53
937,1184.0,26,939.0,737.900024,341
346,949.2000119999999,82,397.0,154.699997,28
911,1243.92002,359,970.0,727.200012,393
485,355.200012,23,590.0,683.599976,53
773,961.6000369999999,118,766.0,655.099976,121
721,799.900024,356,893.0,941.900024,9
791,973.900024,591,937.0,863.7000119999999,20
1122,1205.950073,348,1270.0,1018.599976,20
1252,1071.549927,323,1314.5,857.5,53
1474,1326.900024,368,1532.5,1030.300049,58
1750,1499.566732,477,1772.3333739999998,1462.800049,11
1140,1498.5,419,1226.0,935.2999880000001,81
771,1075.949951,39,432.0,815.200012,201
3428,2450.100098,536,3574.0,2790.100098,29
1326,1374.059961,1582,1420.199951,1085.900024,339
1479,1432.824951,1250,1544.0,994.5,223
979,1385.094095,426,1000.058838,870.2000119999999,7857
1089,1334.086589,391,1170.533325,920.099976,3532
752,982.099976,62,778.5,654.700012,1082
1307,1513.799967,510,1192.666626,1068.800049,875
1169,1264.366618,1886,1215.666626,1340.300049,75
1308,1286.2908380000001,321,1360.272705,792.599976,2002
806,917.133301,112,865.3333130000001,640.599976,1367
1502,1545.914342,430,1585.428589,1179.400024,2592
1105,1168.866618,1524,1220.0,1055.199951,86
930,1240.699951,1346,992.0,1011.400024,19
2165,2010.2999670000002,1064,2027.0,1972.5999760000002,21
780,1288.442801,384,749.714294,771.599976,1292
2404,2331.149902,378,2408.75,2193.300049,22
1583,1613.599935,681,1566.0,1402.099976,38
1282,1368.0714289999999,387,1347.142822,1048.5,78
985,1269.0,358,1040.0,1138.400024,75
1507,1379.041667,832,1582.166626,821.299988,727
1256,1267.2273619999999,870,1359.0,1113.400024,423
369,868.5,40,549.0,299.799988,86
1814,1997.4000649999998,1770,1838.0,1813.300049,186
1512,1498.55013,557,1350.5,1174.900024,910
1463,1590.924927,577,1557.0,1021.900024,510
2130,2025.0,714,2135.0,1990.300049,40
2119,1992.4666339999999,963,2152.333252,1854.800049,46
691,1249.0,49,756.0,745.0,351
1725,1703.0999350000002,834,1828.6666260000002,1810.9000239999998,18
599,2002.4000239999998,1063,737.0,392.5,70
996,1385.0,1346,993.0,855.599976,158
1607,2040.6000980000001,1340,1724.0,1852.9000239999998,16
1545,1612.166667,1276,1673.0,1516.400024,114
3750,3294.600098,829,3887.75,3101.199951,34
554,850.650024,63,693.0,591.700012,829
1771,1599.435686,450,1752.071411,1224.699951,1347
794,1205.800049,438,871.0,737.900024,143
1400,1369.8999019999999,482,1449.166626,1070.199951,715
1162,1312.333333,279,1274.666626,799.799988,537
684,685.700012,672,819.0,546.200012,45
1552,1591.7427460000001,531,1626.571411,1173.599976,671
1931,1777.816732,851,1999.5,2026.5999760000002,217
2626,2384.600098,1261,2690.0,2104.0,206
1289,1528.80013,671,1385.5,1005.099976,174
1481,1697.633301,689,1596.0,1670.699951,41
1438,1548.799927,288,1518.5,904.0,92
1619,1826.6000980000001,1355,1636.0,1691.4000239999998,38
1444,1515.0333660000001,713,1548.833374,1019.2000119999999,633
791,994.7000119999999,543,937.0,889.900024,15
1073,1415.3799800000002,517,959.400024,963.099976,1179
1393,1190.300049,666,1401.0,1086.599976,129
1118,1338.209961,228,1193.0,832.200012,1897
904,1172.333333,499,1006.6666869999999,584.599976,536
1707,1480.854492,840,1793.0909420000003,1213.300049,501
1099,1370.754528,430,1181.818237,920.2999880000001,4361
506,1123.900024,147,691.0,648.299988,2655
2109,2464.833333,743,2195.0,0.0,0
868,1098.800049,1085,939.5,592.5,1661
989,1098.283285,440,1061.333374,766.0,984
2993,2272.9734789999998,471,3052.842041,1873.699951,656
1519,1348.224976,1781,1443.25,1315.400024,25
1461,1727.5,306,1654.0,1515.0,14
627,1046.099976,227,781.0,597.799988,1363
1124,1378.6000980000001,18,1156.0,1024.400024,81
817,856.6999509999999,698,840.0,799.0,114
737,1277.42002,96,791.799988,715.599976,2103
1721,1781.5714289999999,529,1785.285767,1593.699951,375
445,989.599976,61,541.0,281.899994,44
968,1059.199951,324,1027.25,843.2000119999999,111
1319,1609.700073,992,1459.0,1385.599976,118
1421,1866.699951,2031,1438.5,1302.800049,94
1141,1296.8999019999999,1145,1210.0,923.599976,422
1022,1201.300049,1303,1056.0,1175.800049,26
549,1510.650024,134,316.5,670.5,1286
2049,1785.8411079999998,469,2100.058838,1272.099976,632
1040,1299.233317,441,1116.666626,990.2000119999999,201
1842,1631.177843,478,1922.888916,894.400024,283
1607,1598.400024,323,1685.375,1162.300049,129
1914,1866.8400390000002,559,1996.300049,1263.0,383
1040,1356.100016,419,1113.333374,983.7999880000001,59
1693,1818.4749760000002,295,1793.0,1526.199951,3
1615,1608.299967,413,1676.666626,1503.099976,76
2446,1901.405905,380,2523.823486,1473.300049,51
901,1211.1000980000001,947,928.0,1054.800049,116
1108,983.400024,393,1112.0,934.900024,110
1176,1393.449951,359,1192.5,977.7999880000001,394
1367,1470.574951,390,1401.5,1396.800049,34
826,1197.400024,464,980.0,816.0,34
1452,1513.9998369999998,296,1519.833374,1129.800049,69
2403,2013.300084,507,2358.214355,1457.199951,201
2080,1910.133301,313,2162.5,1834.199951,29
1993,1903.875,221,2052.25,1655.699951,11
1629,1770.366699,386,1703.3333739999998,1693.4000239999998,29
1051,1192.900024,268,1052.5,938.2000119999999,222
2287,2029.245384,238,2344.0,1603.0,78
1073,1429.57998,491,959.400024,934.099976,1148
1374,1477.833333,462,1196.0,956.599976,261
2658,1999.112549,317,2727.875,1386.400024,85
2085,1956.6890190000001,468,2029.222168,1524.300049,477
723,1333.799967,275,858.6666869999999,717.0,202
929,1236.400024,585,1008.5,721.400024,173
2767,2309.1398440000003,355,2775.600098,1976.4000239999998,47
1388,1478.0333660000001,482,1450.333374,1405.900024,95
1350,1336.6400390000001,434,1398.199951,1109.900024,152
1790,1770.933268,334,1744.3333739999998,943.2999880000001,330
1754,2058.2999670000004,455,1820.6666260000002,1817.5,58
1393,1157.699951,693,1401.0,1089.599976,128
620,763.799988,166,809.0,731.599976,84
847,1128.677843,251,713.555542,793.099976,2790
1184,1266.337524,164,1251.25,733.0,1288
1592,1578.799902,381,1674.400024,1017.400024,259
521,2273.899902,28,0.0,334.0,1158
708,1284.699951,46,781.0,476.0,566
543,1574.1000980000001,541,675.0,565.099976,1282
634,608.0,158,664.0,640.099976,53
1122,1292.255534,533,1197.666626,857.900024,421
1286,1582.400024,290,1297.5,1091.400024,213
1745,1654.199951,905,1891.0,1384.400024,13
1231,1135.3,287,1310.599976,775.0,465
1177,1898.0,693,1178.0,1028.699951,111
1438,1214.214286,508,1539.428589,907.599976,289
685,855.599935,134,494.66665599999993,693.400024,246
754,1023.400024,37,826.0,652.700012,238
1046,921.833333,303,1092.0,669.0,1134
1778,1567.977756,486,1837.777832,1182.400024,353
471,591.599976,13,506.0,464.60000599999995,943
1020,1520.699951,442,1020.0,1054.800049,195
827,635.700012,195,844.0,740.099976,279
1075,1172.674927,785,1135.75,754.599976,1080
817,1098.800049,662,830.0,765.5,379
930,826.099976,747,1073.0,716.200012,386
440,1596.849976,38,0.0,531.299988,788
1066,1250.849976,933,1105.0,1209.099976,181
1570,2022.366699,895,1699.0,1460.699951,403
1169,1179.199951,124,1261.0,1046.599976,97
870,1098.1000980000001,52,918.0,626.5,789
1155,1105.733398,395,1216.333374,876.900024,365
1118,1295.969922,243,1193.0,744.599976,2039
1374,1392.51423,455,1221.571411,1033.599976,276
1300,1068.550049,266,1323.5,1133.800049,35
1628,1263.2166339999999,526,1701.5,1070.099976,217
1262,1404.737549,169,1157.625,909.900024,1198
958,1014.333333,195,1048.333374,881.0,581
699,947.9499509999999,114,774.5,669.5,529
836,1019.466634,361,931.3333130000001,602.200012,480
933,1255.0,124,983.0,1167.800049,14
462,956.8000490000001,723,638.0,333.799988,300
1933,1652.650065,346,1718.0,1079.5,1257
1292,1270.366536,336,1357.111084,827.0,272
602,598.5,30,587.0,402.5,375
1005,1174.699951,205,1129.0,1009.400024,92
1100,1262.050049,983,1187.0,1050.199951,18
1277,1437.714286,223,1363.285767,956.0,657
2316,1742.800049,844,2349.0,2730.0,1
1065,1226.5333660000001,311,1171.666626,1084.800049,104
1303,1146.233398,381,1404.666626,1137.0,14
1493,1602.8999019999999,318,1626.0,796.200012,154
1005,775.0500490000001,424,1037.5,1129.5,46
1081,742.5,648,1111.0,685.900024,170
1131,973.599976,710,1133.0,802.099976,285
563,711.900024,1013,602.0,655.5,78
392,763.099976,83,513.0,530.299988,47
1305,1342.775024,362,1352.25,1271.400024,20
1840,1525.2166339999999,298,1982.5,1082.900024,36
354,892.900024,39,551.0,410.799988,134
910,1169.099976,236,1027.0,518.200012,287
1154,1222.400024,548,1201.0,1521.699951,25
1189,1053.199951,538,1236.5,1031.199951,99
681,976.9499509999999,59,794.0,956.2000119999999,32
1645,1482.275024,629,1686.75,1014.900024,209
1350,1312.349976,213,1398.5,1372.699951,33
1614,1470.099935,188,1754.0,1497.400024,23
904,1208.766683,461,1006.6666869999999,655.099976,523
2052,1667.8165689999998,193,2157.166748,944.2999880000001,90
1553,1758.5999760000002,459,1705.5,942.099976,99
2141,1726.633301,87,2170.333252,2271.899902,6
1174,1348.924927,222,1235.0,775.799988,73
1460,1430.050049,584,1514.25,1501.900024,12
1674,1645.0,1051,1783.125,1164.699951,195
1162,1233.0333660000001,447,1175.0,753.900024,78
1393,1453.400065,573,1409.333374,1007.099976,53
1618,1571.933268,328,1670.666626,1303.599976,11
682,1069.199951,803,734.0,512.299988,163
1295,1398.299967,317,1306.333374,1097.199951,43
610,1168.199951,178,650.0,713.200012,14
772,1189.6499019999999,190,838.5,669.099976,18
1300,1147.449951,228,1323.5,963.0,33
1315,1441.57998,489,1394.599976,1236.099976,14
1589,1429.457171,287,1714.8571780000002,1048.0,28
3156,2187.183431,344,3263.166748,1736.0,5
2177,2016.0999760000002,1220,2181.0,2404.399902,8
2228,1695.949951,197,2327.5,1352.800049,15
2287,1736.299927,689,2350.1875,1445.5,455
1712,1437.3799800000002,298,1795.0,834.099976,332
2912,2122.768799,290,2977.1875,1551.199951,50
1175,1138.066732,195,1195.0,647.599976,422
1063,1027.125,233,1140.0,579.700012,499
1355,1359.699951,457,1423.0,1067.199951,314
1653,1571.333333,180,1721.1666260000002,1120.599976,31
2321,1808.161508,318,2403.5385739999997,1830.199951,16
1219,1399.400024,541,1228.5,514.200012,199
1569,1327.642857,515,1667.428589,1039.0,307
3117,2145.959961,297,3176.199951,1450.400024,141
2042,1741.2428850000001,232,2124.714355,1313.800049,36
1212,1217.399984,441,1271.333374,685.599976,115
932,878.2000119999999,305,1002.0,954.599976,206
878,1055.349976,114,959.5,668.599976,201
711,761.200012,115,741.0,606.700012,57
1864,1706.383301,230,1911.8333739999998,1117.300049,46
1380,1283.8999019999999,113,1399.0,1054.699951,52
1625,1306.599976,417,1709.625,1172.699951,186
1707,1413.836381,854,1793.0909420000003,1284.699951,517
2658,1963.90602,307,2729.411865,1438.800049,67
1628,1239.06665,504,1701.5,964.5,198
2052,1674.133301,186,2157.166748,1044.5,87
1974,1555.2749019999999,296,2012.125,1049.800049,124
2215,1546.3666449999998,298,2265.111084,1063.099976,180
1990,1435.0727980000001,261,2084.54541,1119.199951,46
3243,2242.1859649999997,248,3297.857178,1920.699951,21
1498,1393.349976,546,1510.0,1092.5,97
1319,1200.3999019999999,239,1385.333374,634.0,438
1029,1220.233398,535,1042.333374,701.599976,118
1967,1951.199951,238,2007.75,1298.300049,55
1741,1566.766602,284,1780.3333739999998,1047.699951,22
1770,1757.911508,313,1772.653809,1388.5,3686
1224,1348.766602,228,1307.666626,970.5,647
2332,2092.933203,669,2405.266602,1889.0,216
962,1243.3599609999999,249,1064.400024,771.0,1927
1200,1464.116699,320,1299.333374,901.7000119999999,2219
1063,1315.5,266,1218.5,1327.0,37
2030,1971.75,1217,1990.5,1750.5,9
1769,1789.831177,528,1828.625,1300.199951,364
1811,1654.142857,276,1855.714233,1449.300049,50
727,1345.0,59,812.0,765.200012,53
1838,1667.5727980000001,264,1900.272705,1296.199951,242
980,1152.0001220000001,282,1076.25,978.5,531
963,1524.833333,376,1049.666626,790.0,1343
2543,2155.385603,580,2614.333252,1685.5999760000002,528
1058,1581.666667,914,1145.333374,970.400024,37
1730,1738.9666339999999,452,1820.6666260000002,1690.199951,64
737,1260.400024,428,923.0,832.200012,62
780,1172.099976,433,879.0,697.099976,91
639,998.5,45,659.0,641.799988,683
1051,1276.8599609999999,288,1111.0,896.099976,1091
777,1229.300049,230,849.0,776.400024,873
1607,1679.7999670000002,699,1708.8333739999998,1424.199951,289
1310,1481.800049,1069,1334.0,1443.5,196
1274,1453.533203,235,1378.333374,1197.5,20
980,1215.1000980000001,455,1046.0,1058.0,33
1193,1391.699951,449,1298.0,1032.300049,103
999,1192.6000980000001,416,1099.0,832.0,437
1039,1353.27998,391,1170.0,933.7000119999999,1148
516,1025.199951,96,715.0,694.599976,556
1140,1484.900024,424,1226.0,961.0,85
1099,1375.558268,402,1175.25,926.2000119999999,4344
2085,1967.426398,462,2039.4736329999998,1677.400024,479
1262,1431.737427,157,1157.625,1030.800049,1127
1553,1812.75,440,1705.5,1082.699951,115
1466,1683.754616,715,1552.45459,1413.5,470
1438,1462.0,268,1493.400024,1403.300049,489
1685,1556.685826,393,1780.428589,1097.699951,789
818,1406.0,414,959.0,812.0,39
1526,1451.914202,330,1614.571411,862.2999880000001,474
3078,2254.224854,644,3151.875,1864.0,257
797,952.25,184,861.5,697.900024,461
635,1010.5,649,758.0,706.700012,29
1069,1617.800049,434,1171.0,1009.7999880000001,569
969,956.8000490000001,247,1010.0,985.2999880000001,108
1806,1894.866536,683,1839.8333739999998,1818.800049,124
1196,1370.699951,74,1270.0,1099.199951,101
870,1357.900024,421,943.0,944.599976,27
1633,1814.442941,748,1725.0,1630.199951,98
920,1126.0,643,983.6666869999999,1005.099976,58
1431,1439.4300779999999,720,1515.099976,1046.800049,731
866,455.799988,325,869.0,853.7000119999999,262
1333,1243.399984,438,1450.833374,1105.900024,313
1006,937.849976,272,1042.0,899.900024,232
1460,1418.914342,391,1568.857178,1165.199951,671
1108,1217.049927,198,1114.0,923.599976,55
1118,1409.849976,159,1227.5,1326.099976,7
1018,1168.724976,727,1053.5,1093.699951,196
1832,1697.4998600000001,423,1918.714233,1612.199951,45
856,914.8999630000001,652,885.25,680.900024,228
1077,990.2000119999999,365,1081.0,713.299988,609
1155,1434.9800779999998,452,1243.400024,1279.400024,79
1338,1160.8999019999999,347,1365.5,1361.800049,24
833,930.966634,195,893.0,1238.0,97
1874,1761.081854,523,1822.363647,1481.400024,239
1552,1626.785714,284,1615.285767,1217.900024,159
1393,1453.675049,201,1452.5,1562.0,24
1336,1566.8400390000002,259,1417.800049,1230.300049,146
1534,1726.240039,199,1588.0,1670.699951,15
1101,1249.300049,191,1115.0,1151.699951,94
1688,1685.3715120000002,261,1731.428589,1404.199951,104
506,926.900024,173,691.0,649.599976,2471
958,987.200033,193,1048.333374,787.599976,601
1315,1364.139941,486,1394.599976,1357.5,13
1466,1578.52002,791,1556.199951,1213.0,497
637,906.2999880000001,222,778.0,614.599976,294
2656,2089.088759,375,2706.333252,1826.4000239999998,175
820,1145.199951,896,863.0,856.7999880000001,210
880,1242.3999019999999,1300,974.0,1174.099976,10
1181,1392.800049,572,1118.125,1204.900024,242
1567,1776.5,669,1590.0,1712.4000239999998,69
966,1227.800049,295,1074.0,1101.5,85
2143,2447.433431,1282,2195.333252,1260.0,1
759,1628.699951,355,759.0,1070.0,23
386,1483.699951,504,519.0,1013.2999880000001,223
2109,2430.400065,738,2195.0,0.0,0
1861,1785.1499019999999,741,1906.0,1499.199951,7
989,1351.0,344,1052.5,1110.300049,10
868,1181.3999019999999,1137,957.0,951.7000119999999,242
773,1337.099976,157,911.0,914.2999880000001,32
1389,1335.8,254,1445.800049,987.5,671
960,1308.1400390000001,235,1065.599976,841.0,189
1127,1009.966634,447,1225.333374,764.200012,565
1225,1265.43335,460,1277.666626,1108.699951,484
433,1008.7999880000001,147,508.0,718.299988,290
641,1170.949951,79,741.0,1035.0,32
1088,1210.550049,350,1215.25,1055.5,130
1766,1483.4624019999999,398,1820.0,1077.099976,127
673,1143.0333660000001,400,734.333313,871.7000119999999,157
1166,1395.759961,304,1240.599976,630.299988,595
873,1321.06665,75,963.0,1089.800049,153
1201,1265.75,200,1310.0,1012.7000119999999,50
3223,2523.299805,511,3334.0,3601.600098,8
806,885.9499509999999,99,929.0,898.900024,83
1686,1552.857143,640,1770.8571780000002,1111.800049,483
1363,1309.639941,333,1455.800049,1370.0,141
1286,1267.699951,122,1315.5,975.2999880000001,88
1053,1374.525024,228,1134.0,1198.599976,86
1166,1434.800049,51,1147.0,1253.199951,14
1593,1511.066732,162,1649.5,1475.699951,100
723,1330.400065,272,858.6666869999999,684.0,211
699,931.9500119999999,119,774.5,603.599976,491
1974,1586.799927,299,2012.125,1069.300049,123
1438,1341.474976,320,1482.25,1367.900024,492
773,1359.6000980000001,165,911.0,848.0,46
2374,2018.5714289999999,272,2480.571533,1428.599976,576
958,1194.800049,545,994.0,988.599976,64
1229,1312.833333,463,1333.166626,1077.400024,245
1231,1487.566732,379,1294.333374,1527.699951,98
582,959.0,73,742.0,757.299988,60
1634,1353.957171,277,1693.714233,1048.400024,668
525,907.2000119999999,70,708.0,419.200012,262
759,440.299988,442,893.0,662.400024,226
1312,1216.839941,303,1409.400024,885.0,338
1377,1249.424927,382,1397.0,1006.2999880000001,518
328,890.0,144,493.0,440.299988,884
573,904.2999880000001,118,660.0,719.099976,39
1324,1321.650024,538,1407.5,1305.0,100
2004,1510.299902,361,2081.300049,1456.099976,53
911,1256.800049,329,1021.5,516.299988,527
956,974.7000119999999,482,1105.0,606.299988,368
913,1026.699951,81,923.75,1071.400024,34
1051,1158.899984,191,1172.666626,887.5,36
1876,1664.744466,465,1945.222168,1117.300049,362
1564,1353.166585,305,1659.833374,1553.599976,68
1533,1350.5333660000001,161,1583.0,1110.0,56
1118,1312.275024,225,1214.75,1268.400024,23
1003,1043.800049,347,1018.0,713.400024,106
1829,1574.722222,205,1919.6666260000002,1158.800049,121
868,1113.800049,1032,939.5,586.5,1647
539,959.7999880000001,43,691.0,407.200012,82
836,1003.0,340,931.3333130000001,561.299988,482
1589,1400.485631,293,1714.8571780000002,970.5,29
2215,1567.900065,305,2265.111084,1016.099976,178
1685,1470.0429689999999,408,1780.428589,1110.099976,813
2306,1863.4,109,2353.0,1310.199951,229
601,910.2999880000001,65,629.0,681.700012,49
1176,1351.299967,485,1232.0,1212.5,33
1469,1396.7667099999999,442,1580.0,1026.400024,335
644,789.75,125,726.5,618.599976,41
987,1320.166667,90,1082.0,963.599976,40
350,800.099976,524,471.0,535.700012,134
1681,986.900024,104,1787.0,1161.199951,93
1952,1205.599976,131,1939.0,1059.300049,31
1046,1291.900024,281,1054.0,921.599976,172
796,1114.199951,334,993.5,831.599976,31
1009,1020.900024,252,1128.5,792.099976,57
1240,1339.150024,250,1336.5,1045.400024,62
933,1113.199951,113,983.0,1201.900024,17
818,1446.3999019999999,410,959.0,808.0,29
388,587.5,99,441.0,525.299988,659
1462,1246.2889539999999,276,1538.222168,650.599976,498
1167,1171.099976,383,1219.75,1188.5,31
970,951.06665,337,1076.333374,569.099976,348
1001,1085.199951,303,1043.333374,759.799988,429
711,1138.266602,674,766.666687,742.099976,190
293,754.599976,82,475.0,582.900024,36
1305,1216.814174,216,1369.142822,737.200012,261
1790,1363.0636539999998,331,1881.1817629999998,862.599976,129
316,945.5,34,452.0,402.299988,133
706,902.400024,48,732.0,394.299988,186
975,898.566732,197,1024.333374,504.700012,638
1317,1269.400065,566,1385.666626,1006.400024,113
518,878.2000119999999,21,578.0,491.0,86
949,943.033366,66,993.6666869999999,622.400024,99
1535,1383.457171,461,1601.428589,1116.5,312
1279,1199.333333,262,1303.666626,768.0,177
1279,1274.5333660000001,159,1365.666626,941.7999880000001,55
723,839.7999880000001,292,863.5,909.599976,87
770,977.1000369999999,63,824.0,596.799988,308
1616,1342.285714,195,1642.714233,1085.099976,64
989,1051.75,422,1061.333374,725.099976,939
929,1117.066732,405,983.6666869999999,624.5,194
462,958.2999880000001,668,638.0,302.100006,295
1990,1412.054599,267,2084.54541,1082.900024,48
1526,1351.742885,335,1614.571411,805.5,457
637,945.6999509999999,230,778.0,611.599976,298
2048,1686.6199219999999,94,2097.199951,1151.599976,236
1238,1204.9666339999999,254,1301.666626,1111.400024,69
740,1076.0,66,803.0,814.0,85
1414,1339.655599,324,1498.222168,919.2999880000001,244
2218,1859.7000329999998,497,2283.5,1050.300049,1709
2991,1772.1499019999999,614,3062.75,1492.099976,206
2244,1662.611111,137,2313.555664,999.400024,633
2728,2258.699951,51,2903.0,1870.199951,32
2118,1467.699951,190,2177.0,978.2999880000001,546
2603,1619.066732,431,2663.5,994.7999880000001,207
1889,1939.575073,230,1999.5,1037.5,910
2615,1786.357143,451,2697.571533,1448.0,32
1720,973.7000119999999,73,1867.0,1479.199951,22
3164,1938.107572,310,3240.153809,1426.300049,84
1833,1841.799927,27,1879.0,997.099976,57
2631,1782.1142579999998,201,2715.428467,1455.699951,82
2952,1922.649972,265,3001.571533,1105.199951,355
1531,1294.0,49,1730.0,512.200012,132
905,1081.199951,22,941.0,1042.5,20
2758,1733.7713449999999,342,2858.428467,1393.0,51
2472,1711.066732,571,2546.666748,1785.9000239999998,116
2368,1754.6666670000002,440,2435.0,1214.199951,53
1508,1895.6500239999998,72,1498.5,669.099976,251
2755,1939.0001780000002,202,2806.363525,1265.0,321
2765,1773.3499760000002,335,2823.25,2111.199951,7
2993,1982.0682570000001,448,3052.842041,1292.099976,663
2767,2002.883464,308,2787.166748,1660.099976,31
1933,1520.299967,310,1718.0,712.0,1062
2141,1620.633301,67,2170.333252,1705.0,8
3156,1895.94987,307,3263.166748,1459.599976,3
3243,2111.628488,242,3297.857178,1801.0,16
3078,1869.9749760000002,616,3151.875,1450.400024,226
2656,1818.699978,364,2706.333252,1354.699951,164
2374,1756.600028,259,2480.571533,1051.900024,479
2306,1740.2,89,2353.0,923.7000119999999,183
2048,1592.1799800000001,83,2097.199951,825.5,188
3202,1852.9636010000002,276,3267.363525,1708.5,59
2536,1657.440039,221,2546.0,1116.5,239
3198,2127.8076920000003,347,3262.846191,1746.199951,70
3016,1737.4000239999998,325,2982.0,1369.699951,9
580,895.400024,338,622.0,636.299988,347
893,911.0,1238,925.0,996.2000119999999,14
1455,1488.1000980000001,861,1468.5,1308.199951,12
1519,1296.025024,1774,1443.25,1450.400024,20
601,894.400024,67,629.0,684.200012,51
1622,1708.25,1147,1768.0,1457.5,23
1281,1424.333333,706,1324.555542,1127.300049,841
959,1199.75,273,1041.0,762.700012,165
1336,1059.849976,330,1389.5,851.5,381
1559,1404.57998,368,1627.599976,1125.400024,406
1098,1333.924927,465,1169.25,1188.599976,51
666,1240.3999019999999,387,840.0,983.2000119999999,12
1308,1305.900024,916,1312.5,891.0,67
542,894.099976,414,688.0,674.099976,30
534,1213.099976,397,621.0,739.0,29
1831,1684.425049,378,1894.75,1548.199951,84
1721,1618.84451,428,1806.0,1334.0,382
1369,1289.099976,221,1446.5,1064.599976,250
1189,1357.566732,323,1291.333374,1060.800049,20
758,1107.8999019999999,480,790.0,770.400024,49
1094,1386.599976,284,1272.0,1120.5,19
468,1077.5,373,577.0,470.799988,74
1264,1405.349976,374,1406.25,1416.599976,60
1388,1490.633301,501,1450.333374,1414.0,107
1292,1333.7667099999999,318,1357.111084,1051.199951,226
1174,1332.7749019999999,230,1235.0,862.7999880000001,75
1498,1457.150024,594,1510.0,1115.199951,89
820,1177.050049,940,863.0,921.599976,212
958,1113.599976,595,994.0,953.0,72
1176,1320.633301,494,1232.0,1282.400024,37
1238,1263.2166339999999,261,1301.666626,1173.699951,76
3202,2323.972656,301,3267.363525,2080.399902,81
689,802.599976,29,758.0,475.10000599999995,371
751,1037.0,1059,786.0,578.900024,371
1732,1172.599976,675,1741.0,1387.599976,20
1461,1643.5,299,1654.0,1584.599976,14
977,1242.099902,192,1107.0,792.5,1410
740,936.0500490000001,160,823.5,495.200012,510
1595,1385.933268,443,1638.333374,1041.199951,191
682,694.1999509999999,40,753.0,478.799988,564
1036,1183.199902,325,1091.199951,919.7000119999999,303
630,654.700012,90,648.0,664.5,361
1110,1148.575073,295,1211.0,683.0,410
1055,1233.699951,103,1056.0,763.799988,290
1859,1774.800049,937,1938.5,2072.199951,44
1809,1411.116536,569,1842.5,1277.599976,159
1073,1146.75,350,1165.5,1183.800049,116
1491,1617.799927,595,1552.5,1588.800049,17
685,719.200012,39,701.0,759.799988,162
1163,1232.4666339999999,419,1249.0,983.2999880000001,769
500,847.2999880000001,31,559.0,609.400024,14
798,1243.599976,365,991.0,686.299988,335
1036,1037.800049,543,1042.0,972.2999880000001,186
628,726.700012,46,751.0,648.799988,117
937,1195.199951,24,939.0,746.200012,350
627,1063.200073,232,781.0,541.0,1496
1350,1299.9334310000002,406,1404.666626,1124.199951,178
602,820.099976,24,587.0,506.5,299
1319,1244.5333660000001,250,1385.333374,737.200012,430
797,905.9500119999999,178,861.5,738.900024,458
740,1078.099976,65,803.0,831.400024,74
2536,1940.3800780000001,251,2546.0,1432.599976,326
689,810.5,34,758.0,477.299988,403
692,848.650024,152,766.5,820.700012,410
1179,1118.099976,790,1212.0,1252.699951,100
915,1075.599976,221,1021.0,776.5,150
1244,1781.949951,481,1310.0,1267.599976,108
623,966.5,791,790.0,878.400024,61
880,1240.300049,1390,974.0,1179.300049,17
1050,1300.400024,372,1217.0,774.599976,696
1207,1201.150024,338,1257.0,831.200012,311
1396,1492.599935,482,1499.333374,1042.199951,549
1683,1516.3500980000001,464,1713.0,1218.900024,144
1324,1428.366699,235,1388.333374,929.2999880000001,69
1438,1628.349976,270,1504.0,1177.099976,41
1005,1259.900024,163,1129.0,999.7000119999999,81
1069,1672.5,429,1171.0,881.2999880000001,642
750,1225.300049,75,309.0,602.299988,14
346,899.0,91,397.0,161.800003,33
1132,1242.099976,1429,1210.0,1263.199951,77
1124,1327.199951,14,1156.0,1039.5,83
899,635.200012,279,953.0,878.5,28
1234,1192.666667,503,1342.666626,1047.900024,23
817,681.0,772,840.0,780.099976,106
969,878.900024,253,1010.0,947.2000119999999,96
1696,2368.5,1861,1729.5,1570.800049,39
387,828.099976,53,473.0,507.5,452
455,677.799988,20,258.0,526.799988,385
1100,1279.449951,926,1187.0,816.200012,25
1569,1602.29269,491,1597.535767,1303.5,1688
464,889.2000119999999,48,629.0,593.200012,1140
1101,1208.599976,234,1195.25,865.0,524
2032,1847.899957,390,2087.333252,1464.800049,119
1148,1110.0,686,1267.0,1003.2000119999999,644
1392,1643.066515,474,1453.444458,1277.599976,650
1481,1568.376953,360,1534.461548,1119.300049,156
1677,1737.137573,257,1779.625,1657.599976,20
849,1099.9750980000001,596,905.75,775.099976,208
1751,1669.424967,284,1809.5833739999998,1680.9000239999998,59
744,970.43335,200,826.0,568.0,484
850,1117.0,562,1019.0,677.099976,67
2241,1867.646184,371,2300.3076170000004,1385.400024,224
1733,1733.6199219999999,393,1806.800049,1785.300049,54
468,1032.400024,58,640.0,373.700012,529
1398,1632.911024,456,1301.111084,1148.300049,762
1065,1301.039941,568,1174.199951,966.7999880000001,399
713,1245.949951,565,824.5,716.700012,265
1695,1697.8400390000002,454,1746.4000239999998,1593.699951,120
1626,1902.0800780000002,638,1734.0,2190.800049,30
2469,2534.050049,730,2529.25,2879.5,15
1015,1245.4334310000002,402,1158.0,886.0,21
1063,1298.300049,743,1175.5,1003.099976,45
808,1316.349976,538,870.5,971.400024,64
753,914.2999880000001,329,884.0,743.700012,595
911,1248.439941,366,970.0,913.099976,329
737,1264.440039,102,791.799988,706.5,2098
1790,1785.3499350000002,337,1744.3333739999998,1012.5,327
1277,1479.714286,210,1363.285767,932.900024,670
1460,1414.300049,580,1514.25,1491.0,15
1029,1248.333333,561,1042.333374,721.200012,116
1181,1409.224976,580,1118.125,1209.300049,249
1229,1307.25,475,1333.166626,1094.400024,246
1469,1450.077691,442,1580.0,1097.800049,331
1414,1389.088976,323,1498.222168,1049.599976,253
3198,2452.43104,368,3262.846191,2264.100098,81
692,835.150024,152,766.5,787.799988,375
1842,1975.8599609999999,529,1917.800049,2148.0,43
1055,1087.199951,541,1173.0,817.599976,91
1223,1195.4666339999999,236,1301.666626,1242.199951,15
1317,1501.833333,789,1358.0,1615.699951,29
1210,1342.599976,716,1209.0,1228.699951,997
1661,1641.079883,697,1734.199951,1515.5,144
996,1154.099976,330,1056.5,946.400024,170
1274,1351.56665,600,1378.0,1246.800049,91
1579,1769.6400390000001,548,1669.599976,1529.199951,9
1853,1822.8285440000002,320,1933.1428219999998,2000.5999760000002,26
1364,1277.150024,397,1389.5,1358.0,42
1652,1541.3200199999999,393,1702.4000239999998,1448.099976,158
1200,1710.949951,864,1285.5,958.599976,135
1473,1488.700033,385,1531.0,1350.800049,184
1721,1624.6000279999998,527,1785.285767,1395.099976,324
1754,1970.7999670000002,443,1820.6666260000002,1753.5999760000002,43
1967,1903.5,225,2007.75,1275.0,48
1806,1783.7000329999998,658,1839.8333739999998,1394.099976,119
1567,1673.550049,640,1590.0,1635.800049,61
1231,1350.633301,349,1294.333374,1465.599976,73
1179,833.5,744,1212.0,1220.0,87
1842,1885.3800780000001,500,1917.800049,2047.699951,26
608,828.900024,107,743.0,419.60000599999995,40
1153,1072.699951,105,1203.0,1075.0,55
588,949.099976,16,629.0,787.299988,64
856,841.0,689,999.0,620.0,88
1560,1486.566732,526,1579.0,1163.099976,22
1331,1321.699951,72,1365.0,1123.199951,60
1614,1744.949951,557,1660.0,1253.300049,94
1221,1650.799927,173,1324.0,1022.2999880000001,65
445,955.7999880000001,58,541.0,184.699997,78
1741,1599.333333,305,1780.3333739999998,1138.400024,20
1196,1295.0,87,1270.0,1105.800049,101
1055,1013.1999509999999,549,1173.0,858.5,78
665,897.2000119999999,254,751.0,795.700012,298
1211,1040.349976,273,1325.0,1093.699951,40
1520,1436.3999019999999,467,1623.5,1420.300049,18
620,723.900024,40,658.0,549.5,13
930,863.43335,207,960.3333130000001,968.599976,32
1243,1591.1000980000001,954,1318.0,1142.699951,24
735,798.600037,55,750.0,854.0,25
968,1052.9750980000001,348,1027.25,866.599976,99
644,796.599976,126,726.5,560.299988,37
1223,1200.833333,237,1301.666626,1200.5,14
956,1257.5,543,1005.0,1007.7999880000001,38
3380,1882.199951,524,3409.0,3197.100098,3
1120,1298.199951,126,1319.0,964.7999880000001,140
863,1224.099976,365,977.5,812.700012,256
1602,1747.5999760000002,533,1744.0,1329.699951,38
870,1391.3999019999999,419,943.0,936.0,32
3016,2089.399902,325,2982.0,1746.5999760000002,17
1003,1402.400024,729,1042.5,1008.5,259
2397,2165.4,732,2425.199951,1582.699951,18
1457,1700.9000649999998,227,1570.666626,1793.0999760000002,12
1319,1567.949951,937,1459.0,1224.900024,91
966,1272.800049,287,1074.0,1069.300049,76
987,1323.75,107,1126.5,925.900024,22
806,1363.599976,42,909.0,796.099976,24
449,1059.6499019999999,538,445.0,655.700012,1204
1605,1549.01423,791,1697.1428219999998,1362.5,105
701,354.299988,77,708.0,768.5,100
0,752.900024,87,143.0,640.0,6
1446,1318.5333660000001,445,1558.333374,1480.400024,60
1170,1284.449951,228,1252.5,1200.0,22
1585,1647.599935,444,1641.666626,1355.199951,63
143,1046.900024,13,0.0,354.299988,154
914,888.7000119999999,117,920.0,770.5,265
2051,1930.955729,471,2111.111084,1886.699951,26
1643,1776.319922,209,1754.0,1912.5,12
1065,1218.0665689999998,286,1171.666626,1060.099976,105
1633,1714.6715960000001,760,1725.0,1637.900024,96
350,837.099976,492,471.0,547.599976,147
915,1050.5,188,1021.0,663.5,148
1317,1446.5,788,1358.0,1397.599976,24
806,1343.800049,46,909.0,845.2000119999999,22
2489,1517.599976,474,2510.0,1374.300049,14
1393,1668.099976,771,1412.0,1399.300049,4
1959,2315.050049,1844,2087.5,2032.0,92
1421,1854.5,2090,1438.5,1276.400024,75
1802,1428.833333,503,1820.0,1608.599976,346
963,1109.800049,58,1032.0,702.900024,146
1195,1408.699951,290,1301.5,1094.199951,53
1144,1153.150024,88,1250.0,1272.199951,50
1027,1162.150024,250,1086.5,941.400024,36
761,955.150024,62,563.0,687.299988,68
485,365.799988,24,590.0,684.299988,69
1141,1267.5,1140,1210.0,863.099976,399
1303,1140.599935,356,1404.666626,1070.099976,14
